averageCount	endTs	entrances	startTs
1.8250000000000002	2019-03-02T15:01:08.707Z	16	2019-03-02T15:00:08.707Z
1.3599999999999999	2019-03-02T15:02:08.971Z	14	2019-03-02T15:01:08.971Z
1.058	2019-03-02T15:03:09.038Z	14	2019-03-02T15:02:09.038Z
1.463	2019-03-02T15:04:09.201Z	20	2019-03-02T15:03:09.201Z
1.837	2019-03-02T15:05:09.464Z	20	2019-03-02T15:04:09.464Z
2.153	2019-03-02T15:06:09.628Z	22	2019-03-02T15:05:09.628Z
1.681	2019-03-02T15:07:09.993Z	22	2019-03-02T15:06:09.993Z
2.383	2019-03-02T15:08:10.358Z	37	2019-03-02T15:07:10.358Z
2.504	2019-03-02T15:09:10.615Z	23	2019-03-02T15:08:10.615Z
3.448	2019-03-02T15:10:10.885Z	34	2019-03-02T15:09:10.885Z
3.25	2019-03-02T15:11:11.250Z	21	2019-03-02T15:10:11.250Z
4.485	2019-03-02T15:12:11.615Z	35	2019-03-02T15:11:11.615Z
4.219	2019-03-02T15:13:11.980Z	28	2019-03-02T15:12:11.980Z
3.616	2019-03-02T15:14:12.443Z	11	2019-03-02T15:13:12.443Z
2.874	2019-03-02T15:15:12.608Z	34	2019-03-02T15:14:12.608Z
2.757	2019-03-02T15:16:12.872Z	14	2019-03-02T15:15:12.872Z
2.577	2019-03-02T15:17:13.240Z	13	2019-03-02T15:16:13.240Z
1.3	2019-03-02T15:18:13.605Z	18	2019-03-02T15:17:13.605Z
1.346	2019-03-02T15:19:13.673Z	16	2019-03-02T15:18:13.673Z
1.718	2019-03-02T15:20:13.832Z	16	2019-03-02T15:19:13.832Z
2.74	2019-03-02T15:21:14.099Z	19	2019-03-02T15:20:14.099Z
2.2	2019-03-02T15:22:14.164Z	29	2019-03-02T15:21:14.164Z
3.328	2019-03-02T15:23:14.426Z	52	2019-03-02T15:22:14.426Z
4.239	2019-03-02T15:24:14.492Z	45	2019-03-02T15:23:14.492Z
5.785	2019-03-02T15:25:14.959Z	35	2019-03-02T15:24:14.959Z
4.905	2019-03-02T15:26:15.025Z	17	2019-03-02T15:25:15.025Z
4.743	2019-03-02T15:27:15.086Z	26	2019-03-02T15:26:15.086Z
5.474	2019-03-02T15:28:15.451Z	45	2019-03-02T15:27:15.451Z
2.805	2019-03-02T15:29:15.917Z	31	2019-03-02T15:28:15.917Z
4.744	2019-03-02T15:30:15.983Z	49	2019-03-02T15:29:15.983Z
7.592	2019-03-02T15:31:16.338Z	72	2019-03-02T15:30:16.338Z
4.97	2019-03-02T15:32:16.413Z	49	2019-03-02T15:31:16.413Z
7.037	2019-03-02T15:33:16.473Z	37	2019-03-02T15:32:16.473Z
6.17	2019-03-02T15:34:16.641Z	42	2019-03-02T15:33:16.641Z
3.324	2019-03-02T15:35:17.006Z	26	2019-03-02T15:34:17.006Z
4.0	2019-03-02T15:36:17.069Z	38	2019-03-02T15:35:17.069Z
4.496	2019-03-02T15:37:17.234Z	31	2019-03-02T15:36:17.234Z
3.191	2019-03-02T15:38:17.496Z	21	2019-03-02T15:37:17.496Z
4.0	2019-03-02T15:39:17.861Z	16	2019-03-02T15:38:17.861Z
3.481	2019-03-02T15:40:18.026Z	25	2019-03-02T15:39:18.026Z
3.215	2019-03-02T15:41:18.092Z	23	2019-03-02T15:40:18.092Z
3.407	2019-03-02T15:42:18.154Z	18	2019-03-02T15:41:18.154Z
3.644	2019-03-02T15:43:18.312Z	14	2019-03-02T15:42:18.312Z
3.493	2019-03-02T15:44:18.584Z	9	2019-03-02T15:43:18.584Z
2.176	2019-03-02T15:45:18.746Z	7	2019-03-02T15:44:18.746Z
1.971	2019-03-02T15:46:19.013Z	11	2019-03-02T15:45:19.013Z
4.75	2019-03-02T15:47:19.078Z	16	2019-03-02T15:46:19.078Z
5.415	2019-03-02T15:48:19.243Z	29	2019-03-02T15:47:19.243Z
4.126	2019-03-02T15:49:19.605Z	25	2019-03-02T15:48:19.605Z
4.897	2019-03-02T15:50:19.973Z	19	2019-03-02T15:49:19.973Z
3.741	2019-03-02T15:51:20.434Z	18	2019-03-02T15:50:20.434Z
2.664	2019-03-02T15:52:20.599Z	33	2019-03-02T15:51:20.599Z
2.5	2019-03-02T15:53:20.963Z	23	2019-03-02T15:52:20.963Z
2.807	2019-03-02T15:54:21.328Z	27	2019-03-02T15:53:21.328Z
1.552	2019-03-02T15:55:21.595Z	15	2019-03-02T15:54:21.595Z
2.769	2019-03-02T15:56:22.059Z	27	2019-03-02T15:55:22.059Z
2.642	2019-03-02T15:57:22.221Z	37	2019-03-02T15:56:22.221Z
2.394	2019-03-02T15:58:22.289Z	18	2019-03-02T15:57:22.289Z
5.788	2019-03-02T15:59:22.351Z	35	2019-03-02T15:58:22.351Z
4.822	2019-03-02T16:00:22.615Z	37	2019-03-02T15:59:22.615Z
3.163	2019-03-02T16:01:22.973Z	35	2019-03-02T16:00:22.973Z
3.733	2019-03-02T16:02:23.242Z	32	2019-03-02T16:01:23.242Z
3.338	2019-03-02T16:03:23.414Z	30	2019-03-02T16:02:23.414Z
2.23	2019-03-02T16:04:23.473Z	23	2019-03-02T16:03:23.473Z
2.3529999999999998	2019-03-02T16:05:23.936Z	15	2019-03-02T16:04:23.936Z
2.654	2019-03-02T16:06:24.104Z	30	2019-03-02T16:05:24.104Z
2.368	2019-03-02T16:07:24.368Z	27	2019-03-02T16:06:24.368Z
1.8359999999999999	2019-03-02T16:08:24.434Z	31	2019-03-02T16:07:24.434Z
1.5110000000000001	2019-03-02T16:09:24.598Z	17	2019-03-02T16:08:24.598Z
2.261	2019-03-02T16:10:24.661Z	30	2019-03-02T16:09:24.661Z
1.7610000000000001	2019-03-02T16:11:24.727Z	16	2019-03-02T16:10:24.727Z
2.173	2019-03-02T16:12:24.891Z	25	2019-03-02T16:11:24.891Z
2.447	2019-03-02T16:13:25.155Z	24	2019-03-02T16:12:25.155Z
3.406	2019-03-02T16:14:25.223Z	32	2019-03-02T16:13:25.223Z
4.886	2019-03-02T16:15:25.487Z	53	2019-03-02T16:14:25.487Z
2.5540000000000003	2019-03-02T16:16:25.951Z	33	2019-03-02T16:15:25.951Z
2.549	2019-03-02T16:17:26.017Z	28	2019-03-02T16:16:26.017Z
1.096	2019-03-02T16:18:26.480Z	15	2019-03-02T16:17:26.480Z
2.801	2019-03-02T16:19:26.845Z	28	2019-03-02T16:18:26.845Z
3.818	2019-03-02T16:20:26.911Z	33	2019-03-02T16:19:26.911Z
3.279	2019-03-02T16:21:27.276Z	30	2019-03-02T16:20:27.276Z
4.828	2019-03-02T16:22:27.641Z	39	2019-03-02T16:21:27.641Z
4.378	2019-03-02T16:23:28.003Z	36	2019-03-02T16:22:28.003Z
3.519	2019-03-02T16:24:28.368Z	37	2019-03-02T16:23:28.368Z
3.782	2019-03-02T16:25:28.434Z	40	2019-03-02T16:24:28.434Z
5.091	2019-03-02T16:26:28.496Z	51	2019-03-02T16:25:28.496Z
3.068	2019-03-02T16:27:28.865Z	34	2019-03-02T16:26:28.865Z
4.075	2019-03-02T16:28:29.220Z	33	2019-03-02T16:27:29.220Z
4.672	2019-03-02T16:29:29.394Z	48	2019-03-02T16:28:29.394Z
4.579	2019-03-02T16:30:29.660Z	38	2019-03-02T16:29:29.660Z
6.828	2019-03-02T16:31:30.020Z	34	2019-03-02T16:30:30.020Z
7.164	2019-03-02T16:32:30.288Z	34	2019-03-02T16:31:30.288Z
6.657	2019-03-02T16:33:30.549Z	42	2019-03-02T16:32:30.549Z
7.158	2019-03-02T16:34:30.813Z	59	2019-03-02T16:33:30.813Z
6.523	2019-03-02T16:35:31.071Z	54	2019-03-02T16:34:31.071Z
3.545	2019-03-02T16:36:31.342Z	35	2019-03-02T16:35:31.342Z
3.308	2019-03-02T16:37:31.605Z	31	2019-03-02T16:36:31.605Z
5.684	2019-03-02T16:38:31.875Z	32	2019-03-02T16:37:31.875Z
6.815	2019-03-02T16:39:32.140Z	35	2019-03-02T16:38:32.140Z
9.447	2019-03-02T16:40:32.200Z	31	2019-03-02T16:39:32.200Z
6.924	2019-03-02T16:41:32.265Z	27	2019-03-02T16:40:32.265Z
8.855	2019-03-02T16:42:32.427Z	28	2019-03-02T16:41:32.427Z
7.833	2019-03-02T16:43:32.788Z	27	2019-03-02T16:42:32.788Z
8.662	2019-03-02T16:44:33.157Z	31	2019-03-02T16:43:33.157Z
6.797	2019-03-02T16:45:33.430Z	35	2019-03-02T16:44:33.430Z
5.098	2019-03-02T16:46:33.788Z	29	2019-03-02T16:45:33.788Z
5.459	2019-03-02T16:47:33.855Z	26	2019-03-02T16:46:33.855Z
4.014	2019-03-02T16:48:33.915Z	20	2019-03-02T16:47:33.915Z
3.284	2019-03-02T16:49:33.982Z	20	2019-03-02T16:48:33.982Z
1.412	2019-03-02T16:50:34.345Z	14	2019-03-02T16:49:34.345Z
4.4	2019-03-02T16:51:34.608Z	18	2019-03-02T16:50:34.608Z
2.615	2019-03-02T16:52:34.875Z	14	2019-03-02T16:51:34.875Z
3.941	2019-03-02T16:53:35.140Z	20	2019-03-02T16:52:35.140Z
4.474	2019-03-02T16:54:35.403Z	25	2019-03-02T16:53:35.403Z
3.896	2019-03-02T16:55:35.665Z	26	2019-03-02T16:54:35.665Z
4.602	2019-03-02T16:56:35.834Z	30	2019-03-02T16:55:35.834Z
3.606	2019-03-02T16:57:36.000Z	21	2019-03-02T16:56:36.000Z
4.261	2019-03-02T16:58:36.361Z	27	2019-03-02T16:57:36.361Z
4.522	2019-03-02T16:59:36.625Z	32	2019-03-02T16:58:36.625Z
2.887	2019-03-02T17:00:36.892Z	21	2019-03-02T16:59:36.892Z
4.579	2019-03-02T17:01:36.956Z	24	2019-03-02T17:00:36.956Z
4.759	2019-03-02T17:02:37.224Z	22	2019-03-02T17:01:37.224Z
3.841	2019-03-02T17:03:37.288Z	35	2019-03-02T17:02:37.288Z
2.537	2019-03-02T17:04:37.559Z	22	2019-03-02T17:03:37.559Z
2.086	2019-03-02T17:05:46.109Z	27	2019-03-02T17:04:46.109Z
2.281	2019-03-02T17:06:46.177Z	10	2019-03-02T17:05:46.177Z
3.304	2019-03-02T17:07:46.339Z	22	2019-03-02T17:06:46.339Z
3.859	2019-03-02T17:08:46.605Z	35	2019-03-02T17:07:46.605Z
3.645	2019-03-02T17:09:46.869Z	44	2019-03-02T17:08:46.869Z
4.146	2019-03-02T17:10:47.134Z	19	2019-03-02T17:09:47.134Z
3.094	2019-03-02T17:11:47.299Z	20	2019-03-02T17:10:47.299Z
5.745	2019-03-02T17:12:47.663Z	27	2019-03-02T17:11:47.663Z
5.803	2019-03-02T17:13:48.029Z	28	2019-03-02T17:12:48.029Z
4.854	2019-03-02T17:14:48.392Z	18	2019-03-02T17:13:48.392Z
4.102	2019-03-02T17:15:48.559Z	21	2019-03-02T17:14:48.559Z
3.275	2019-03-02T17:16:48.622Z	27	2019-03-02T17:15:48.622Z
4.978	2019-03-02T17:17:48.987Z	16	2019-03-02T17:16:48.987Z
6.029	2019-03-02T17:18:49.052Z	29	2019-03-02T17:17:49.052Z
4.662	2019-03-02T17:19:49.119Z	15	2019-03-02T17:18:49.119Z
5.109	2019-03-02T17:20:49.180Z	29	2019-03-02T17:19:49.180Z
3.9050000000000002	2019-03-02T17:21:49.345Z	31	2019-03-02T17:20:49.345Z
5.126	2019-03-02T17:22:49.408Z	28	2019-03-02T17:21:49.408Z
6.522	2019-03-02T17:23:49.576Z	32	2019-03-02T17:22:49.576Z
7.846	2019-03-02T17:24:49.938Z	46	2019-03-02T17:23:49.938Z
3.18	2019-03-02T17:25:50.003Z	35	2019-03-02T17:24:50.003Z
2.677	2019-03-02T17:26:50.467Z	20	2019-03-02T17:25:50.467Z
3.884	2019-03-02T17:27:50.730Z	22	2019-03-02T17:26:50.730Z
2.156	2019-03-02T17:28:51.096Z	24	2019-03-02T17:27:51.096Z
2.586	2019-03-02T17:29:51.158Z	27	2019-03-02T17:28:51.158Z
1.031	2019-03-02T17:30:51.325Z	17	2019-03-02T17:29:51.325Z
1.303	2019-03-02T17:31:51.388Z	12	2019-03-02T17:30:51.388Z
1.079	2019-03-02T17:32:51.555Z	18	2019-03-02T17:31:51.555Z
1.098	2019-03-02T17:33:51.717Z	12	2019-03-02T17:32:51.717Z
0.34600000000000003	2019-03-02T17:34:51.782Z	5	2019-03-02T17:33:51.782Z
0.315	2019-03-02T17:35:52.048Z	5	2019-03-02T17:34:52.048Z
0.85	2019-03-02T17:36:52.213Z	14	2019-03-02T17:35:52.213Z
0.209	2019-03-02T17:37:52.476Z	3	2019-03-02T17:36:52.476Z
0.463	2019-03-02T17:38:52.742Z	9	2019-03-02T17:37:52.742Z
0.189	2019-03-02T17:39:53.007Z	3	2019-03-02T17:38:53.007Z
0.176	2019-03-02T17:40:53.463Z	2	2019-03-02T17:39:53.463Z
0.789	2019-03-02T17:41:53.536Z	13	2019-03-02T17:40:53.536Z
0.265	2019-03-02T17:42:53.898Z	5	2019-03-02T17:41:53.898Z
0.927	2019-03-02T17:43:54.265Z	12	2019-03-02T17:42:54.265Z
0.40700000000000003	2019-03-02T17:44:54.628Z	4	2019-03-02T17:43:54.628Z
0.678	2019-03-02T17:45:54.892Z	8	2019-03-02T17:44:54.892Z
0.459	2019-03-02T17:46:55.059Z	9	2019-03-02T17:45:55.059Z
0.39	2019-03-02T17:47:55.121Z	5	2019-03-02T17:46:55.121Z
0.755	2019-03-02T17:48:55.285Z	7	2019-03-02T17:47:55.285Z
0.61	2019-03-02T17:49:55.650Z	11	2019-03-02T17:48:55.650Z
0.797	2019-03-02T17:50:55.911Z	6	2019-03-02T17:49:55.911Z
0.291	2019-03-02T17:51:56.178Z	5	2019-03-02T17:50:56.178Z
0.336	2019-03-02T17:52:56.342Z	2	2019-03-02T17:51:56.342Z
0.171	2019-03-02T17:53:56.808Z	2	2019-03-02T17:52:56.808Z
0.447	2019-03-02T17:54:56.971Z	6	2019-03-02T17:53:56.971Z
0.28200000000000003	2019-03-02T17:55:57.338Z	5	2019-03-02T17:54:57.338Z
0.093	2019-03-02T17:56:57.494Z	2	2019-03-02T17:55:57.494Z
0.081	2019-03-02T17:57:57.568Z	0	2019-03-02T17:56:57.568Z
0.116	2019-03-02T17:58:57.832Z	1	2019-03-02T17:57:57.832Z
0.201	2019-03-02T18:00:42.371Z	0	2019-03-02T17:59:42.371Z
0.667	2019-03-02T18:01:42.434Z	12	2019-03-02T18:00:42.434Z
1.197	2019-03-02T18:02:42.799Z	11	2019-03-02T18:01:42.799Z
0.8210000000000001	2019-03-02T18:03:43.163Z	13	2019-03-02T18:02:43.163Z
0.383	2019-03-02T18:04:43.430Z	7	2019-03-02T18:03:43.430Z
0.224	2019-03-02T18:05:43.793Z	2	2019-03-02T18:04:43.793Z
0.5680000000000001	2019-03-02T18:06:44.157Z	2	2019-03-02T18:05:44.157Z
0.859	2019-03-02T18:07:44.421Z	13	2019-03-02T18:06:44.421Z
0.432	2019-03-02T18:08:44.585Z	7	2019-03-02T18:07:44.585Z
0.762	2019-03-02T18:09:44.950Z	9	2019-03-02T18:08:44.950Z
0.444	2019-03-02T18:10:45.217Z	4	2019-03-02T18:09:45.217Z
0.833	2019-03-02T18:11:45.381Z	8	2019-03-02T18:10:45.381Z
0.932	2019-03-02T18:12:45.648Z	7	2019-03-02T18:11:45.648Z
1.396	2019-03-02T18:13:45.710Z	13	2019-03-02T18:12:45.710Z
1.142	2019-03-02T18:14:45.875Z	11	2019-03-02T18:13:45.875Z
1.887	2019-03-02T18:15:45.940Z	17	2019-03-02T18:14:45.940Z
3.027	2019-03-02T18:16:46.302Z	24	2019-03-02T18:15:46.302Z
2.6710000000000003	2019-03-02T18:17:46.371Z	29	2019-03-02T18:16:46.371Z
2.396	2019-03-02T18:18:46.434Z	22	2019-03-02T18:17:46.434Z
2.425	2019-03-02T18:19:46.698Z	19	2019-03-02T18:18:46.698Z
0.718	2019-03-02T18:20:46.963Z	6	2019-03-02T18:19:46.963Z
0.736	2019-03-02T18:21:47.226Z	7	2019-03-02T18:20:47.226Z
1.006	2019-03-02T18:22:47.490Z	12	2019-03-02T18:21:47.490Z
1.3559999999999999	2019-03-02T18:23:47.857Z	15	2019-03-02T18:22:47.857Z
1.177	2019-03-02T18:24:48.221Z	15	2019-03-02T18:23:48.221Z
0.378	2019-03-02T18:25:48.385Z	2	2019-03-02T18:24:48.385Z
0.423	2019-03-02T18:26:48.552Z	7	2019-03-02T18:25:48.552Z
0.493	2019-03-02T18:27:49.013Z	7	2019-03-02T18:26:49.013Z
0.527	2019-03-02T18:28:49.279Z	5	2019-03-02T18:27:49.279Z
0.41100000000000003	2019-03-02T18:29:49.746Z	6	2019-03-02T18:28:49.746Z
0.34500000000000003	2019-03-02T18:30:50.108Z	5	2019-03-02T18:29:50.108Z
0.129	2019-03-02T18:31:50.174Z	2	2019-03-02T18:30:50.174Z
0.075	2019-03-02T18:32:50.338Z	0	2019-03-02T18:31:50.338Z
0.273	2019-03-02T18:33:50.703Z	4	2019-03-02T18:32:50.703Z
0.547	2019-03-02T18:34:50.769Z	6	2019-03-02T18:33:50.769Z
1.054	2019-03-02T18:35:51.035Z	12	2019-03-02T18:34:51.035Z
0.35100000000000003	2019-03-02T18:36:51.099Z	6	2019-03-02T18:35:51.099Z
0.41600000000000004	2019-03-02T18:37:51.464Z	0	2019-03-02T18:36:51.464Z
0.322	2019-03-02T18:38:51.729Z	1	2019-03-02T18:37:51.729Z
1.075	2019-03-02T18:39:51.793Z	6	2019-03-02T18:38:51.793Z
0.63	2019-03-02T18:40:51.960Z	6	2019-03-02T18:39:51.960Z
1.207	2019-03-02T18:41:52.224Z	10	2019-03-02T18:40:52.224Z
0.299	2019-03-02T18:42:52.592Z	3	2019-03-02T18:41:52.592Z
0.308	2019-03-02T18:43:52.954Z	5	2019-03-02T18:42:52.954Z
1.2469999999999999	2019-03-02T18:44:53.118Z	6	2019-03-02T18:43:53.118Z
0.642	2019-03-02T18:45:53.482Z	5	2019-03-02T18:44:53.482Z
0.20500000000000002	2019-03-02T18:46:53.749Z	1	2019-03-02T18:45:53.749Z
0.449	2019-03-02T18:47:53.812Z	2	2019-03-02T18:46:53.812Z
1.006	2019-03-02T18:48:53.976Z	4	2019-03-02T18:47:53.976Z
0.651	2019-03-02T18:49:54.441Z	5	2019-03-02T18:48:54.441Z
2.455	2019-03-02T18:50:54.607Z	9	2019-03-02T18:49:54.607Z
5.455	2019-03-02T18:51:54.671Z	28	2019-03-02T18:50:54.671Z
2.154	2019-03-02T18:52:54.739Z	14	2019-03-02T18:51:54.739Z
1.108	2019-03-02T18:53:55.102Z	6	2019-03-02T18:52:55.102Z
3.349	2019-03-02T18:54:55.266Z	29	2019-03-02T18:53:55.266Z
3.784	2019-03-02T18:55:55.634Z	33	2019-03-02T18:54:55.634Z
3.644	2019-03-02T18:56:55.694Z	35	2019-03-02T18:55:55.694Z
3.014	2019-03-02T18:57:55.855Z	20	2019-03-02T18:56:55.855Z
2.252	2019-03-02T18:58:55.924Z	15	2019-03-02T18:57:55.924Z
2.886	2019-03-02T18:59:56.091Z	18	2019-03-02T18:58:56.091Z
2.107	2019-03-02T19:00:56.348Z	22	2019-03-02T18:59:56.348Z
5.694	2019-03-02T19:01:56.621Z	34	2019-03-02T19:00:56.621Z
5.424	2019-03-02T19:02:56.977Z	31	2019-03-02T19:01:56.977Z
4.075	2019-03-02T19:03:57.049Z	23	2019-03-02T19:02:57.049Z
1.3719999999999999	2019-03-02T19:04:57.214Z	11	2019-03-02T19:03:57.214Z
2.061	2019-03-02T19:05:57.578Z	15	2019-03-02T19:04:57.578Z
4.361	2019-03-02T19:06:57.848Z	48	2019-03-02T19:05:57.848Z
3.313	2019-03-02T19:07:58.220Z	33	2019-03-02T19:06:58.220Z
5.572	2019-03-02T19:08:58.273Z	36	2019-03-02T19:07:58.273Z
3.682	2019-03-02T19:09:58.437Z	29	2019-03-02T19:08:58.437Z
2.252	2019-03-02T19:10:58.703Z	25	2019-03-02T19:09:58.703Z
1.392	2019-03-02T19:11:59.167Z	14	2019-03-02T19:10:59.167Z
2.088	2019-03-02T19:12:59.532Z	19	2019-03-02T19:11:59.532Z
1.262	2019-03-02T19:13:59.796Z	10	2019-03-02T19:12:59.796Z
0.905	2019-03-02T19:15:00.161Z	8	2019-03-02T19:14:00.161Z
1.5710000000000002	2019-03-02T19:16:00.528Z	16	2019-03-02T19:15:00.528Z
1.811	2019-03-02T19:17:00.687Z	13	2019-03-02T19:16:00.687Z
0.887	2019-03-02T19:18:00.756Z	10	2019-03-02T19:17:00.756Z
0.926	2019-03-02T19:19:01.121Z	10	2019-03-02T19:18:01.121Z
1.799	2019-03-02T19:20:01.384Z	18	2019-03-02T19:19:01.384Z
1.27	2019-03-02T19:21:01.453Z	16	2019-03-02T19:20:01.453Z
1.635	2019-03-02T19:22:01.513Z	21	2019-03-02T19:21:01.513Z
1.142	2019-03-02T19:23:01.681Z	16	2019-03-02T19:22:01.681Z
2.365	2019-03-02T19:24:01.842Z	17	2019-03-02T19:23:01.842Z
0.762	2019-03-02T19:25:02.209Z	9	2019-03-02T19:24:02.209Z
1.459	2019-03-02T19:26:02.371Z	12	2019-03-02T19:25:02.371Z
1.2770000000000001	2019-03-02T19:27:02.539Z	3	2019-03-02T19:26:02.539Z
0.733	2019-03-02T19:28:02.604Z	8	2019-03-02T19:27:02.604Z
1.4969999999999999	2019-03-02T19:29:02.865Z	17	2019-03-02T19:28:02.865Z
0.732	2019-03-02T19:30:03.232Z	8	2019-03-02T19:29:03.232Z
1.7970000000000002	2019-03-02T19:31:03.592Z	22	2019-03-02T19:30:03.592Z
1.891	2019-03-02T19:32:03.657Z	19	2019-03-02T19:31:03.657Z
2.762	2019-03-02T19:33:03.823Z	27	2019-03-02T19:32:03.823Z
2.048	2019-03-02T19:34:03.989Z	21	2019-03-02T19:33:03.989Z
1.966	2019-03-02T19:35:04.157Z	21	2019-03-02T19:34:04.157Z
2.859	2019-03-02T19:36:04.219Z	27	2019-03-02T19:35:04.219Z
1.48	2019-03-02T19:37:04.484Z	16	2019-03-02T19:36:04.484Z
2.644	2019-03-02T19:38:04.549Z	25	2019-03-02T19:37:04.549Z
3.159	2019-03-02T19:39:04.711Z	18	2019-03-02T19:38:04.711Z
1.6	2019-03-02T19:40:04.976Z	12	2019-03-02T19:39:04.976Z
2.599	2019-03-02T19:41:05.144Z	25	2019-03-02T19:40:05.144Z
1.945	2019-03-02T19:42:05.206Z	21	2019-03-02T19:41:05.206Z
1.945	2019-03-02T19:43:05.269Z	23	2019-03-02T19:42:05.269Z
1.939	2019-03-02T19:44:05.536Z	14	2019-03-02T19:43:05.536Z
2.635	2019-03-02T19:45:05.900Z	20	2019-03-02T19:44:05.900Z
2.741	2019-03-02T19:46:06.164Z	11	2019-03-02T19:45:06.164Z
4.633	2019-03-02T19:47:06.232Z	16	2019-03-02T19:46:06.232Z
3.766	2019-03-02T19:48:06.594Z	21	2019-03-02T19:47:06.594Z
3.048	2019-03-02T19:49:06.660Z	16	2019-03-02T19:48:06.660Z
2.02	2019-03-02T19:50:06.926Z	12	2019-03-02T19:49:06.926Z
2.517	2019-03-02T19:51:07.091Z	17	2019-03-02T19:50:07.091Z
2.52	2019-03-02T19:52:07.157Z	18	2019-03-02T19:51:07.157Z
1.391	2019-03-02T19:53:07.219Z	15	2019-03-02T19:52:07.219Z
1.4929999999999999	2019-03-02T19:54:07.582Z	13	2019-03-02T19:53:07.582Z
0.752	2019-03-02T19:55:07.849Z	5	2019-03-02T19:54:07.849Z
0.987	2019-03-02T19:56:08.214Z	9	2019-03-02T19:55:08.214Z
1.932	2019-03-02T19:57:08.483Z	18	2019-03-02T19:56:08.483Z
2.823	2019-03-02T19:58:08.845Z	21	2019-03-02T19:57:08.845Z
2.689	2019-03-02T19:59:09.312Z	9	2019-03-02T19:58:09.312Z
1.837	2019-03-02T20:00:09.677Z	17	2019-03-02T19:59:09.677Z
0.84	2019-03-02T20:01:09.737Z	12	2019-03-02T20:00:09.737Z
2.013	2019-03-02T20:02:09.805Z	20	2019-03-02T20:01:09.805Z
1.154	2019-03-02T20:03:09.868Z	13	2019-03-02T20:02:09.868Z
0.436	2019-03-02T20:04:10.234Z	6	2019-03-02T20:03:10.234Z
1.405	2019-03-02T20:05:10.497Z	22	2019-03-02T20:04:10.497Z
4.154	2019-03-02T20:06:10.562Z	21	2019-03-02T20:05:10.562Z
1.642	2019-03-02T20:07:10.732Z	9	2019-03-02T20:06:10.732Z
2.129	2019-03-02T20:08:10.792Z	9	2019-03-02T20:07:10.792Z
2.169	2019-03-02T20:09:11.056Z	4	2019-03-02T20:08:11.056Z
1.208	2019-03-02T20:10:11.321Z	4	2019-03-02T20:09:11.321Z
0.371	2019-03-02T20:11:11.687Z	4	2019-03-02T20:10:11.687Z
0.987	2019-03-02T20:12:12.052Z	9	2019-03-02T20:11:12.052Z
1.075	2019-03-02T20:13:12.115Z	13	2019-03-02T20:12:12.115Z
2.395	2019-03-02T20:14:12.181Z	25	2019-03-02T20:13:12.181Z
2.6550000000000002	2019-03-02T20:15:12.346Z	32	2019-03-02T20:14:12.346Z
3.282	2019-03-02T20:16:12.710Z	34	2019-03-02T20:15:12.710Z
1.7069999999999999	2019-03-02T20:17:13.076Z	17	2019-03-02T20:16:13.076Z
0.366	2019-03-02T20:18:13.341Z	7	2019-03-02T20:17:13.341Z
0.851	2019-03-02T20:19:13.407Z	8	2019-03-02T20:18:13.407Z
6.791	2019-03-02T20:20:13.769Z	31	2019-03-02T20:19:13.769Z
4.074	2019-03-02T20:21:14.033Z	21	2019-03-02T20:20:14.033Z
4.074	2019-03-02T20:22:14.200Z	27	2019-03-02T20:21:14.200Z
2.181	2019-03-02T20:23:14.364Z	17	2019-03-02T20:22:14.364Z
2.553	2019-03-02T20:24:14.530Z	15	2019-03-02T20:23:14.530Z
2.607	2019-03-02T20:25:14.892Z	23	2019-03-02T20:24:14.892Z
2.06	2019-03-02T20:26:15.058Z	26	2019-03-02T20:25:15.058Z
3.25	2019-03-02T20:27:15.223Z	24	2019-03-02T20:26:15.223Z
2.979	2019-03-02T20:28:15.390Z	27	2019-03-02T20:27:15.390Z
2.108	2019-03-02T20:29:15.655Z	25	2019-03-02T20:28:15.655Z
2.898	2019-03-02T20:30:15.719Z	36	2019-03-02T20:29:15.719Z
1.642	2019-03-02T20:31:16.082Z	16	2019-03-02T20:30:16.082Z
1.5510000000000002	2019-03-02T20:32:16.447Z	20	2019-03-02T20:31:16.447Z
0.866	2019-03-02T20:33:16.512Z	10	2019-03-02T20:32:16.512Z
1.8780000000000001	2019-03-02T20:34:16.877Z	24	2019-03-02T20:33:16.877Z
1.932	2019-03-02T20:35:17.243Z	20	2019-03-02T20:34:17.243Z
1.27	2019-03-02T20:36:17.305Z	15	2019-03-02T20:35:17.305Z
1.952	2019-03-02T20:37:17.572Z	29	2019-03-02T20:36:17.572Z
1.291	2019-03-02T20:38:17.937Z	17	2019-03-02T20:37:17.937Z
1.784	2019-03-02T20:39:18.000Z	20	2019-03-02T20:38:18.000Z
1.48	2019-03-02T20:40:18.165Z	23	2019-03-02T20:39:18.165Z
0.7000000000000001	2019-03-02T20:41:18.230Z	6	2019-03-02T20:40:18.230Z
2.527	2019-03-02T20:42:18.595Z	19	2019-03-02T20:41:18.595Z
3.453	2019-03-02T20:43:18.760Z	10	2019-03-02T20:42:18.760Z
2.265	2019-03-02T20:44:18.825Z	10	2019-03-02T20:43:18.825Z
2.987	2019-03-02T20:45:19.188Z	16	2019-03-02T20:44:19.188Z
3.289	2019-03-02T20:46:19.355Z	31	2019-03-02T20:45:19.355Z
1.7429999999999999	2019-03-02T20:47:19.418Z	15	2019-03-02T20:46:19.418Z
2.534	2019-03-02T20:48:19.785Z	16	2019-03-02T20:47:19.785Z
1.653	2019-03-02T20:49:20.147Z	13	2019-03-02T20:48:20.147Z
1.624	2019-03-02T20:50:20.313Z	26	2019-03-02T20:49:20.313Z
1.18	2019-03-02T20:51:20.678Z	13	2019-03-02T20:50:20.678Z
0.596	2019-03-02T20:52:20.743Z	8	2019-03-02T20:51:20.743Z
1.52	2019-03-02T20:53:20.907Z	14	2019-03-02T20:52:20.907Z
1.047	2019-03-02T20:54:21.173Z	11	2019-03-02T20:53:21.173Z
0.846	2019-03-02T20:55:21.237Z	8	2019-03-02T20:54:21.237Z
2.293	2019-03-02T20:56:21.602Z	19	2019-03-02T20:55:21.602Z
2.98	2019-03-02T20:57:21.859Z	17	2019-03-02T20:56:21.859Z
2.438	2019-03-02T20:58:22.233Z	11	2019-03-02T20:57:22.233Z
3.075	2019-03-02T20:59:22.395Z	20	2019-03-02T20:58:22.395Z
1.51	2019-03-02T21:00:22.561Z	9	2019-03-02T20:59:22.561Z
2.315	2019-03-02T21:01:22.627Z	12	2019-03-02T21:00:22.627Z
1.196	2019-03-02T21:02:22.990Z	6	2019-03-02T21:01:22.990Z
0.857	2019-03-02T21:03:23.355Z	17	2019-03-02T21:02:23.355Z
0.805	2019-03-02T21:04:23.719Z	6	2019-03-02T21:03:23.719Z
1.845	2019-03-02T21:05:24.086Z	12	2019-03-02T21:04:24.086Z
1.774	2019-03-02T21:06:24.447Z	12	2019-03-02T21:05:24.447Z
1.7069999999999999	2019-03-02T21:07:24.614Z	10	2019-03-02T21:06:24.614Z
0.906	2019-03-02T21:08:24.779Z	9	2019-03-02T21:07:24.779Z
1.8479999999999999	2019-03-02T21:09:25.045Z	13	2019-03-02T21:08:25.045Z
1.411	2019-03-02T21:10:25.309Z	4	2019-03-02T21:09:25.309Z
0.848	2019-03-02T21:11:25.477Z	3	2019-03-02T21:10:25.477Z
0.68	2019-03-02T21:12:25.736Z	8	2019-03-02T21:11:25.736Z
1.842	2019-03-02T21:13:25.802Z	12	2019-03-02T21:12:25.802Z
0.722	2019-03-02T21:14:26.068Z	4	2019-03-02T21:13:26.068Z
0.841	2019-03-02T21:15:26.332Z	7	2019-03-02T21:14:26.332Z
1.0	2019-03-02T21:16:26.596Z	5	2019-03-02T21:15:26.596Z
0.342	2019-03-02T21:17:26.762Z	2	2019-03-02T21:16:26.762Z
1.376	2019-03-02T21:18:26.926Z	8	2019-03-02T21:17:26.926Z
2.7640000000000002	2019-03-02T21:19:27.191Z	16	2019-03-02T21:18:27.191Z
0.9530000000000001	2019-03-02T21:20:27.355Z	7	2019-03-02T21:19:27.355Z
0.232	2019-03-02T21:21:27.523Z	3	2019-03-02T21:20:27.523Z
0.41300000000000003	2019-03-02T21:22:27.786Z	3	2019-03-02T21:21:27.786Z
0.88	2019-03-02T21:23:28.049Z	10	2019-03-02T21:22:28.049Z
0.853	2019-03-02T21:24:28.118Z	8	2019-03-02T21:23:28.118Z
1.487	2019-03-02T21:25:28.279Z	15	2019-03-02T21:24:28.279Z
1.054	2019-03-02T21:26:28.645Z	10	2019-03-02T21:25:28.645Z
0.8	2019-03-02T21:27:28.809Z	12	2019-03-02T21:26:28.809Z
0.523	2019-03-02T21:28:29.176Z	3	2019-03-02T21:27:29.176Z
0.622	2019-03-02T21:29:29.336Z	6	2019-03-02T21:28:29.336Z
0.913	2019-03-02T21:30:29.602Z	10	2019-03-02T21:29:29.602Z
0.6890000000000001	2019-03-02T21:31:29.967Z	6	2019-03-02T21:30:29.967Z
1.151	2019-03-02T21:32:30.132Z	10	2019-03-02T21:31:30.132Z
1.392	2019-03-02T21:33:30.197Z	9	2019-03-02T21:32:30.197Z
1.245	2019-03-02T21:34:30.460Z	12	2019-03-02T21:33:30.460Z
3.302	2019-03-02T21:35:30.826Z	22	2019-03-02T21:34:30.826Z
1.853	2019-03-02T21:36:30.891Z	8	2019-03-02T21:35:30.891Z
3.053	2019-03-02T21:37:31.055Z	21	2019-03-02T21:36:31.055Z
1.913	2019-03-02T21:38:31.420Z	15	2019-03-02T21:37:31.420Z
1.227	2019-03-02T21:39:31.585Z	13	2019-03-02T21:38:31.585Z
0.47700000000000004	2019-03-02T21:40:31.951Z	6	2019-03-02T21:39:31.951Z
0.41300000000000003	2019-03-02T21:41:32.312Z	7	2019-03-02T21:40:32.312Z
0.907	2019-03-02T21:42:32.381Z	6	2019-03-02T21:41:32.381Z
1.118	2019-03-02T21:43:32.736Z	7	2019-03-02T21:42:32.736Z
1.205	2019-03-02T21:44:33.007Z	10	2019-03-02T21:43:33.007Z
1.927	2019-03-02T21:45:33.178Z	18	2019-03-02T21:44:33.178Z
1.349	2019-03-02T21:46:33.437Z	9	2019-03-02T21:45:33.437Z
1.313	2019-03-02T21:47:33.604Z	11	2019-03-02T21:46:33.604Z
0.763	2019-03-02T21:48:33.665Z	5	2019-03-02T21:47:33.665Z
2.151	2019-03-02T21:49:34.032Z	16	2019-03-02T21:48:34.032Z
0.737	2019-03-02T21:50:34.296Z	8	2019-03-02T21:49:34.296Z
0.523	2019-03-02T21:51:34.660Z	4	2019-03-02T21:50:34.660Z
1.572	2019-03-02T21:52:34.924Z	7	2019-03-02T21:51:34.924Z
2.416	2019-03-02T21:53:35.289Z	18	2019-03-02T21:52:35.289Z
1.9929999999999999	2019-03-02T21:54:35.351Z	14	2019-03-02T21:53:35.351Z
2.34	2019-03-02T21:55:35.619Z	15	2019-03-02T21:54:35.619Z
2.054	2019-03-02T21:56:35.683Z	29	2019-03-02T21:55:35.683Z
1.755	2019-03-02T21:57:35.950Z	19	2019-03-02T21:56:35.950Z
1.28	2019-03-02T21:58:36.015Z	16	2019-03-02T21:57:36.015Z
1.479	2019-03-02T21:59:36.078Z	22	2019-03-02T21:58:36.078Z
0.884	2019-03-02T22:00:36.240Z	9	2019-03-02T21:59:36.240Z
1.565	2019-03-02T22:01:36.410Z	22	2019-03-02T22:00:36.410Z
1.557	2019-03-02T22:02:36.770Z	22	2019-03-02T22:01:36.770Z
2.94	2019-03-02T22:03:37.135Z	28	2019-03-02T22:02:37.135Z
2.342	2019-03-02T22:04:37.401Z	18	2019-03-02T22:03:37.401Z
2.329	2019-03-02T22:05:37.766Z	22	2019-03-02T22:04:37.766Z
3.087	2019-03-02T22:06:38.023Z	18	2019-03-02T22:05:38.023Z
1.423	2019-03-02T22:07:38.394Z	14	2019-03-02T22:06:38.394Z
1.133	2019-03-02T22:08:38.660Z	9	2019-03-02T22:07:38.660Z
2.054	2019-03-02T22:09:39.025Z	22	2019-03-02T22:08:39.025Z
3.822	2019-03-02T22:10:39.384Z	45	2019-03-02T22:09:39.384Z
2.66	2019-03-02T22:11:39.451Z	34	2019-03-02T22:10:39.451Z
2.844	2019-03-02T22:12:39.614Z	21	2019-03-02T22:11:39.614Z
1.7650000000000001	2019-03-02T22:13:39.976Z	10	2019-03-02T22:12:39.976Z
2.0	2019-03-02T22:14:40.145Z	11	2019-03-02T22:13:40.145Z
1.04	2019-03-02T22:15:40.210Z	9	2019-03-02T22:14:40.210Z
2.054	2019-03-02T22:16:40.575Z	15	2019-03-02T22:15:40.575Z
1.7109999999999999	2019-03-02T22:17:40.733Z	13	2019-03-02T22:16:40.733Z
1.067	2019-03-02T22:18:40.799Z	5	2019-03-02T22:17:40.799Z
1.142	2019-03-02T22:19:41.165Z	2	2019-03-02T22:18:41.165Z
1.5430000000000001	2019-03-02T22:20:41.428Z	1	2019-03-02T22:19:41.428Z
0.8200000000000001	2019-03-02T22:21:41.785Z	3	2019-03-02T22:20:41.785Z
1.06	2019-03-02T22:22:42.056Z	5	2019-03-02T22:21:42.056Z
1.54	2019-03-02T22:23:42.223Z	6	2019-03-02T22:22:42.223Z
2.199	2019-03-02T22:24:42.385Z	11	2019-03-02T22:23:42.385Z
2.755	2019-03-02T22:25:42.750Z	7	2019-03-02T22:24:42.750Z
2.086	2019-03-02T22:26:43.115Z	8	2019-03-02T22:25:43.115Z
1.397	2019-03-02T22:27:43.470Z	5	2019-03-02T22:26:43.470Z
0.316	2019-03-02T22:28:43.644Z	2	2019-03-02T22:27:43.644Z
1.5070000000000001	2019-03-02T22:29:44.007Z	10	2019-03-02T22:28:44.007Z
1.181	2019-03-02T22:30:44.176Z	7	2019-03-02T22:29:44.176Z
1.697	2019-03-02T22:31:44.434Z	4	2019-03-02T22:30:44.434Z
1.667	2019-03-02T22:32:44.802Z	6	2019-03-02T22:31:44.802Z
1.792	2019-03-02T22:33:44.964Z	9	2019-03-02T22:32:44.964Z
2.5949999999999998	2019-03-02T22:34:45.226Z	16	2019-03-02T22:33:45.226Z
1.837	2019-03-02T22:35:45.686Z	14	2019-03-02T22:34:45.686Z
1.897	2019-03-02T22:36:46.161Z	23	2019-03-02T22:35:46.161Z
2.209	2019-03-02T22:37:46.220Z	21	2019-03-02T22:36:46.220Z
1.8639999999999999	2019-03-02T22:38:46.585Z	18	2019-03-02T22:37:46.585Z
0.764	2019-03-02T22:39:46.648Z	9	2019-03-02T22:38:46.648Z
0.98	2019-03-02T22:40:46.917Z	16	2019-03-02T22:39:46.917Z
1.466	2019-03-02T22:41:46.980Z	16	2019-03-02T22:40:46.980Z
0.733	2019-03-02T22:42:47.240Z	9	2019-03-02T22:41:47.240Z
0.06	2019-03-02T22:43:47.407Z	1	2019-03-02T22:42:47.407Z
0.188	2019-03-02T22:44:47.575Z	3	2019-03-02T22:43:47.575Z
0.212	2019-03-02T22:45:47.936Z	1	2019-03-02T22:44:47.936Z
0.293	2019-03-02T22:46:48.098Z	4	2019-03-02T22:45:48.098Z
1.027	2019-03-02T22:47:48.165Z	15	2019-03-02T22:46:48.165Z
0.243	2019-03-02T22:48:48.322Z	6	2019-03-02T22:47:48.322Z
0.356	2019-03-02T22:49:48.493Z	0	2019-03-02T22:48:48.493Z
0.114	2019-03-02T22:50:48.660Z	1	2019-03-02T22:49:48.660Z
0.034	2019-03-02T22:51:48.923Z	0	2019-03-02T22:50:48.923Z
0.354	2019-03-02T22:52:49.187Z	0	2019-03-02T22:51:49.187Z
0.456	2019-03-02T22:53:49.252Z	4	2019-03-02T22:52:49.252Z
0.864	2019-03-02T22:54:49.617Z	4	2019-03-02T22:53:49.617Z
0.277	2019-03-02T22:55:49.982Z	3	2019-03-02T22:54:49.982Z
0.19	2019-03-02T22:56:50.244Z	6	2019-03-02T22:55:50.244Z
0.589	2019-03-02T22:57:50.609Z	7	2019-03-02T22:56:50.609Z
0.913	2019-03-02T22:58:50.966Z	6	2019-03-02T22:57:50.966Z
0.678	2019-03-02T22:59:51.030Z	4	2019-03-02T22:58:51.030Z
0.8180000000000001	2019-03-02T23:00:51.102Z	8	2019-03-02T22:59:51.102Z
0.291	2019-03-02T23:01:51.165Z	3	2019-03-02T23:00:51.165Z
0.147	2019-03-02T23:02:51.332Z	2	2019-03-02T23:01:51.332Z
1.9060000000000001	2019-03-02T23:03:51.698Z	7	2019-03-02T23:02:51.698Z
1.168	2019-03-02T23:04:52.062Z	9	2019-03-02T23:03:52.062Z
1.107	2019-03-02T23:05:52.525Z	6	2019-03-02T23:04:52.525Z
0.671	2019-03-02T23:06:52.792Z	7	2019-03-02T23:05:52.792Z
0.591	2019-03-02T23:07:52.947Z	4	2019-03-02T23:06:52.947Z
0.28500000000000003	2019-03-02T23:08:53.017Z	2	2019-03-02T23:07:53.017Z
0.47300000000000003	2019-03-02T23:09:53.084Z	1	2019-03-02T23:08:53.084Z
0.658	2019-03-02T23:10:53.345Z	5	2019-03-02T23:09:53.345Z
0.35100000000000003	2019-03-02T23:11:53.710Z	6	2019-03-02T23:10:53.710Z
0.687	2019-03-02T23:12:54.076Z	9	2019-03-02T23:11:54.076Z
0.6000000000000001	2019-03-02T23:13:54.440Z	6	2019-03-02T23:12:54.440Z
0.28	2019-03-02T23:14:54.507Z	3	2019-03-02T23:13:54.507Z
0.013000000000000001	2019-03-02T23:15:54.769Z	0	2019-03-02T23:14:54.769Z
0.148	2019-03-02T23:16:54.938Z	1	2019-03-02T23:15:54.938Z
0.094	2019-03-02T23:17:55.203Z	0	2019-03-02T23:16:55.203Z
0.51	2019-03-02T23:18:55.563Z	4	2019-03-02T23:17:55.563Z
0.358	2019-03-02T23:19:55.832Z	2	2019-03-02T23:18:55.832Z
0.372	2019-03-02T23:20:55.892Z	4	2019-03-02T23:19:55.892Z
0.611	2019-03-02T23:21:55.960Z	5	2019-03-02T23:20:55.960Z
1.752	2019-03-02T23:22:56.227Z	5	2019-03-02T23:21:56.227Z
0.584	2019-03-02T23:23:56.490Z	2	2019-03-02T23:22:56.490Z
0.456	2019-03-02T23:24:56.654Z	5	2019-03-02T23:23:56.654Z
0.007	2019-03-02T23:25:56.918Z	0	2019-03-02T23:24:56.918Z
0.5	2019-03-02T23:26:56.983Z	2	2019-03-02T23:25:56.983Z
0.872	2019-03-02T23:27:57.351Z	13	2019-03-02T23:26:57.351Z
0.376	2019-03-02T23:28:57.719Z	4	2019-03-02T23:27:57.719Z
0.664	2019-03-02T23:29:57.977Z	7	2019-03-02T23:28:57.977Z
0.46900000000000003	2019-03-02T23:30:58.344Z	6	2019-03-02T23:29:58.344Z
0.47300000000000003	2019-03-02T23:31:58.608Z	3	2019-03-02T23:30:58.608Z
0.5640000000000001	2019-03-02T23:32:58.674Z	5	2019-03-02T23:31:58.674Z
0.5	2019-03-02T23:33:59.038Z	5	2019-03-02T23:32:59.038Z
0.309	2019-03-02T23:34:59.104Z	1	2019-03-02T23:33:59.104Z
0.253	2019-03-02T23:35:59.267Z	2	2019-03-02T23:34:59.267Z
0.554	2019-03-02T23:36:59.632Z	11	2019-03-02T23:35:59.632Z
0.162	2019-03-02T23:37:59.897Z	0	2019-03-02T23:36:59.897Z
0.966	2019-03-02T23:38:59.963Z	4	2019-03-02T23:37:59.963Z
1.2650000000000001	2019-03-02T23:40:00.230Z	5	2019-03-02T23:39:00.230Z
0.899	2019-03-02T23:41:00.292Z	5	2019-03-02T23:40:00.292Z
1.068	2019-03-02T23:42:00.457Z	16	2019-03-02T23:41:00.457Z
1.02	2019-03-02T23:43:00.822Z	16	2019-03-02T23:42:00.822Z
1.682	2019-03-02T23:44:00.887Z	14	2019-03-02T23:43:00.887Z
0.804	2019-03-02T23:45:01.154Z	16	2019-03-02T23:44:01.154Z
0.507	2019-03-02T23:46:01.216Z	1	2019-03-02T23:45:01.216Z
0.155	2019-03-02T23:47:01.480Z	1	2019-03-02T23:46:01.480Z
0.926	2019-03-02T23:48:01.648Z	12	2019-03-02T23:47:01.648Z
0.664	2019-03-02T23:49:02.005Z	9	2019-03-02T23:48:02.005Z
0.459	2019-03-02T23:50:02.278Z	4	2019-03-02T23:49:02.278Z
0.925	2019-03-02T23:51:02.642Z	10	2019-03-02T23:50:02.642Z
0.905	2019-03-02T23:52:02.809Z	8	2019-03-02T23:51:02.809Z
1.75	2019-03-02T23:53:02.875Z	12	2019-03-02T23:52:02.875Z
2.297	2019-03-02T23:54:02.934Z	7	2019-03-02T23:53:02.934Z
3.351	2019-03-02T23:55:03.003Z	8	2019-03-02T23:54:03.003Z
3.074	2019-03-02T23:56:03.073Z	10	2019-03-02T23:55:03.073Z
2.6470000000000002	2019-03-02T23:57:03.329Z	7	2019-03-02T23:56:03.329Z
2.041	2019-03-02T23:58:03.489Z	10	2019-03-02T23:57:03.489Z
2.8040000000000003	2019-03-02T23:59:03.762Z	1	2019-03-02T23:58:03.762Z
2.262	2019-03-03T00:00:03.927Z	10	2019-03-02T23:59:03.927Z
2.067	2019-03-03T00:01:04.191Z	5	2019-03-03T00:00:04.191Z
1.302	2019-03-03T00:02:04.357Z	6	2019-03-03T00:01:04.357Z
0.378	2019-03-03T00:03:04.720Z	2	2019-03-03T00:02:04.720Z
0.617	2019-03-03T00:04:04.986Z	4	2019-03-03T00:03:04.986Z
0.342	2019-03-03T00:05:05.253Z	2	2019-03-03T00:04:05.253Z
0.664	2019-03-03T00:06:05.519Z	4	2019-03-03T00:05:05.519Z
1.94	2019-03-03T00:07:05.778Z	12	2019-03-03T00:06:05.778Z
3.566	2019-03-03T00:08:06.049Z	23	2019-03-03T00:07:06.049Z
1.774	2019-03-03T00:09:06.203Z	15	2019-03-03T00:08:06.203Z
0.372	2019-03-03T00:10:06.372Z	1	2019-03-03T00:09:06.372Z
0.651	2019-03-03T00:11:06.440Z	0	2019-03-03T00:10:06.440Z
0.318	2019-03-03T00:12:06.703Z	1	2019-03-03T00:11:06.703Z
1.087	2019-03-03T00:13:07.168Z	6	2019-03-03T00:12:07.168Z
1.588	2019-03-03T00:14:07.631Z	8	2019-03-03T00:13:07.631Z
1.9929999999999999	2019-03-03T00:15:07.796Z	10	2019-03-03T00:14:07.796Z
0.775	2019-03-03T00:16:08.161Z	2	2019-03-03T00:15:08.161Z
1.181	2019-03-03T00:17:08.628Z	5	2019-03-03T00:16:08.628Z
0.34500000000000003	2019-03-03T00:18:08.792Z	3	2019-03-03T00:17:08.792Z
0.588	2019-03-03T00:19:08.957Z	1	2019-03-03T00:18:08.957Z
0.855	2019-03-03T00:20:09.023Z	5	2019-03-03T00:19:09.023Z
0.51	2019-03-03T00:21:09.288Z	2	2019-03-03T00:20:09.288Z
0.115	2019-03-03T00:22:09.351Z	1	2019-03-03T00:21:09.351Z
0.013000000000000001	2019-03-03T00:23:09.415Z	0	2019-03-03T00:22:09.415Z
0.127	2019-03-03T00:24:09.680Z	1	2019-03-03T00:23:09.680Z
0.11900000000000001	2019-03-03T00:25:09.947Z	1	2019-03-03T00:24:09.947Z
0.376	2019-03-03T00:26:10.313Z	3	2019-03-03T00:25:10.313Z
0.128	2019-03-03T00:27:10.677Z	1	2019-03-03T00:26:10.677Z
0.135	2019-03-03T00:28:10.940Z	1	2019-03-03T00:27:10.940Z
0.128	2019-03-03T00:29:11.302Z	0	2019-03-03T00:28:11.302Z
0.5640000000000001	2019-03-03T00:30:11.369Z	10	2019-03-03T00:29:11.369Z
0.784	2019-03-03T00:31:11.532Z	16	2019-03-03T00:30:11.532Z
0.5710000000000001	2019-03-03T00:32:11.697Z	4	2019-03-03T00:31:11.697Z
0.891	2019-03-03T00:33:11.864Z	8	2019-03-03T00:32:11.864Z
0.733	2019-03-03T00:34:12.227Z	4	2019-03-03T00:33:12.227Z
1.238	2019-03-03T00:35:12.493Z	22	2019-03-03T00:34:12.493Z
0.377	2019-03-03T00:36:12.757Z	4	2019-03-03T00:35:12.757Z
1.873	2019-03-03T00:37:12.819Z	8	2019-03-03T00:36:12.819Z
2.221	2019-03-03T00:38:13.184Z	8	2019-03-03T00:37:13.184Z
1.7469999999999999	2019-03-03T00:39:13.249Z	7	2019-03-03T00:38:13.249Z
2.061	2019-03-03T00:40:13.312Z	12	2019-03-03T00:39:13.312Z
2.46	2019-03-03T00:41:13.480Z	12	2019-03-03T00:40:13.480Z
1.108	2019-03-03T00:42:13.844Z	11	2019-03-03T00:41:13.844Z
1.5030000000000001	2019-03-03T00:43:14.107Z	17	2019-03-03T00:42:14.107Z
0.463	2019-03-03T00:44:14.371Z	2	2019-03-03T00:43:14.371Z
1.081	2019-03-03T00:45:14.637Z	8	2019-03-03T00:44:14.637Z
1.748	2019-03-03T00:46:15.002Z	23	2019-03-03T00:45:15.002Z
0.537	2019-03-03T00:47:15.365Z	8	2019-03-03T00:46:15.365Z
1.0	2019-03-03T00:48:15.829Z	5	2019-03-03T00:47:15.829Z
0.6980000000000001	2019-03-03T00:49:15.897Z	4	2019-03-03T00:48:15.897Z
0.47700000000000004	2019-03-03T00:50:15.957Z	4	2019-03-03T00:49:15.957Z
0.933	2019-03-03T00:51:16.023Z	4	2019-03-03T00:50:16.023Z
1.635	2019-03-03T00:52:16.187Z	11	2019-03-03T00:51:16.187Z
1.221	2019-03-03T00:53:16.453Z	14	2019-03-03T00:52:16.453Z
0.979	2019-03-03T00:54:16.811Z	9	2019-03-03T00:53:16.811Z
1.125	2019-03-03T00:55:16.974Z	7	2019-03-03T00:54:16.974Z
0.892	2019-03-03T00:56:17.144Z	6	2019-03-03T00:55:17.144Z
0.456	2019-03-03T00:57:17.611Z	3	2019-03-03T00:56:17.611Z
0.9410000000000001	2019-03-03T00:58:18.078Z	9	2019-03-03T00:57:18.078Z
0.167	2019-03-03T00:59:18.440Z	3	2019-03-03T00:58:18.440Z
0.642	2019-03-03T01:00:18.503Z	5	2019-03-03T00:59:18.503Z
1.396	2019-03-03T01:01:18.868Z	10	2019-03-03T01:00:18.868Z
0.589	2019-03-03T01:02:19.233Z	1	2019-03-03T01:01:19.233Z
0.107	2019-03-03T01:03:19.496Z	1	2019-03-03T01:02:19.496Z
0.381	2019-03-03T01:04:19.563Z	4	2019-03-03T01:03:19.563Z
0.266	2019-03-03T01:05:19.726Z	3	2019-03-03T01:04:19.726Z
0.384	2019-03-03T01:06:19.993Z	6	2019-03-03T01:05:19.993Z
0.035	2019-03-03T01:07:20.055Z	0	2019-03-03T01:06:20.055Z
0.386	2019-03-03T01:08:20.221Z	5	2019-03-03T01:07:20.221Z
0.496	2019-03-03T01:09:20.688Z	3	2019-03-03T01:08:20.688Z
0.652	2019-03-03T01:10:20.950Z	5	2019-03-03T01:09:20.950Z
1.655	2019-03-03T01:11:21.214Z	10	2019-03-03T01:10:21.214Z
1.518	2019-03-03T01:12:21.678Z	17	2019-03-03T01:11:21.678Z
1.125	2019-03-03T01:13:22.043Z	19	2019-03-03T01:12:22.043Z
1.5470000000000002	2019-03-03T01:14:22.408Z	18	2019-03-03T01:13:22.408Z
1.759	2019-03-03T01:15:22.871Z	15	2019-03-03T01:14:22.871Z
3.582	2019-03-03T01:16:23.039Z	41	2019-03-03T01:15:23.039Z
1.866	2019-03-03T01:17:23.099Z	21	2019-03-03T01:16:23.099Z
3.418	2019-03-03T01:18:23.563Z	24	2019-03-03T01:17:23.563Z
2.741	2019-03-03T01:19:23.730Z	21	2019-03-03T01:18:23.730Z
4.238	2019-03-03T01:20:23.799Z	15	2019-03-03T01:19:23.799Z
3.373	2019-03-03T01:21:24.259Z	27	2019-03-03T01:20:24.259Z
4.464	2019-03-03T01:22:24.627Z	42	2019-03-03T01:21:24.627Z
4.107	2019-03-03T01:23:24.888Z	20	2019-03-03T01:22:24.888Z
1.9100000000000001	2019-03-03T01:24:25.354Z	18	2019-03-03T01:23:25.354Z
1.166	2019-03-03T01:25:25.417Z	9	2019-03-03T01:24:25.417Z
1.759	2019-03-03T01:26:25.881Z	13	2019-03-03T01:25:25.881Z
0.483	2019-03-03T01:27:26.046Z	6	2019-03-03T01:26:26.046Z
0.736	2019-03-03T01:28:26.510Z	9	2019-03-03T01:27:26.510Z
0.8130000000000001	2019-03-03T01:29:26.674Z	6	2019-03-03T01:28:26.674Z
0.604	2019-03-03T01:30:27.043Z	5	2019-03-03T01:29:27.043Z
2.531	2019-03-03T01:31:27.404Z	21	2019-03-03T01:30:27.404Z
2.793	2019-03-03T01:32:27.569Z	18	2019-03-03T01:31:27.569Z
1.432	2019-03-03T01:33:27.936Z	6	2019-03-03T01:32:27.936Z
2.248	2019-03-03T01:34:27.999Z	15	2019-03-03T01:33:27.999Z
1.669	2019-03-03T01:35:28.164Z	9	2019-03-03T01:34:28.164Z
0.664	2019-03-03T01:36:28.227Z	10	2019-03-03T01:35:28.227Z
0.34700000000000003	2019-03-03T01:37:28.592Z	5	2019-03-03T01:36:28.592Z
0.766	2019-03-03T01:38:28.854Z	8	2019-03-03T01:37:28.854Z
0.47900000000000004	2019-03-03T01:39:28.918Z	6	2019-03-03T01:38:28.918Z
0.897	2019-03-03T01:40:29.183Z	8	2019-03-03T01:39:29.183Z
0.966	2019-03-03T01:41:29.546Z	16	2019-03-03T01:40:29.546Z
1.592	2019-03-03T01:42:29.911Z	19	2019-03-03T01:41:29.911Z
2.292	2019-03-03T01:43:30.075Z	17	2019-03-03T01:42:30.075Z
3.069	2019-03-03T01:44:30.240Z	30	2019-03-03T01:43:30.240Z
3.37	2019-03-03T01:45:30.403Z	17	2019-03-03T01:44:30.403Z
3.432	2019-03-03T01:46:30.667Z	20	2019-03-03T01:45:30.667Z
4.986	2019-03-03T01:47:31.032Z	26	2019-03-03T01:46:31.032Z
6.394	2019-03-03T01:48:31.196Z	44	2019-03-03T01:47:31.196Z
7.424	2019-03-03T01:49:31.361Z	34	2019-03-03T01:48:31.361Z
6.645	2019-03-03T01:50:31.427Z	39	2019-03-03T01:49:31.427Z
3.832	2019-03-03T01:51:31.789Z	22	2019-03-03T01:50:31.789Z
4.284	2019-03-03T01:52:32.253Z	28	2019-03-03T01:51:32.253Z
3.0	2019-03-03T01:53:32.618Z	28	2019-03-03T01:52:32.618Z
4.69	2019-03-03T01:54:32.779Z	52	2019-03-03T01:53:32.779Z
4.121	2019-03-03T01:55:33.145Z	35	2019-03-03T01:54:33.145Z
2.3970000000000002	2019-03-03T01:56:33.312Z	31	2019-03-03T01:55:33.312Z
1.624	2019-03-03T01:57:33.572Z	21	2019-03-03T01:56:33.572Z
0.6970000000000001	2019-03-03T01:58:33.634Z	10	2019-03-03T01:57:33.634Z
4.121	2019-03-03T01:59:34.002Z	34	2019-03-03T01:58:34.002Z
4.057	2019-03-03T02:00:34.062Z	37	2019-03-03T01:59:34.062Z
2.972	2019-03-03T02:01:34.232Z	46	2019-03-03T02:00:34.232Z
1.282	2019-03-03T02:02:34.493Z	15	2019-03-03T02:01:34.493Z
2.867	2019-03-03T02:03:34.759Z	30	2019-03-03T02:02:34.759Z
2.145	2019-03-03T02:04:35.121Z	28	2019-03-03T02:03:35.121Z
2.007	2019-03-03T02:05:35.186Z	35	2019-03-03T02:04:35.186Z
2.217	2019-03-03T02:06:35.451Z	20	2019-03-03T02:05:35.451Z
1.9649999999999999	2019-03-03T02:07:35.913Z	10	2019-03-03T02:06:35.913Z
2.993	2019-03-03T02:08:36.078Z	25	2019-03-03T02:07:36.078Z
2.479	2019-03-03T02:09:36.141Z	22	2019-03-03T02:08:36.141Z
2.42	2019-03-03T02:10:36.209Z	19	2019-03-03T02:09:36.209Z
0.7030000000000001	2019-03-03T02:11:36.476Z	7	2019-03-03T02:10:36.476Z
0.197	2019-03-03T02:12:36.634Z	2	2019-03-03T02:11:36.634Z
0.8220000000000001	2019-03-03T02:13:36.700Z	13	2019-03-03T02:12:36.700Z
1.049	2019-03-03T02:14:37.059Z	3	2019-03-03T02:13:37.059Z
1.573	2019-03-03T02:15:37.426Z	21	2019-03-03T02:14:37.426Z
0.41400000000000003	2019-03-03T02:16:37.790Z	6	2019-03-03T02:15:37.790Z
0.646	2019-03-03T02:17:38.055Z	7	2019-03-03T02:16:38.055Z
0.24	2019-03-03T02:18:38.119Z	1	2019-03-03T02:17:38.119Z
0.903	2019-03-03T02:19:38.282Z	14	2019-03-03T02:18:38.282Z
0.541	2019-03-03T02:20:38.651Z	4	2019-03-03T02:19:38.651Z
0.226	2019-03-03T02:21:39.013Z	2	2019-03-03T02:20:39.013Z
1.112	2019-03-03T02:22:39.177Z	11	2019-03-03T02:21:39.177Z
0.724	2019-03-03T02:23:39.539Z	4	2019-03-03T02:22:39.539Z
1.759	2019-03-03T02:24:39.805Z	20	2019-03-03T02:23:39.805Z
0.874	2019-03-03T02:25:40.170Z	11	2019-03-03T02:24:40.170Z
4.098	2019-03-03T02:26:40.233Z	41	2019-03-03T02:25:40.233Z
2.257	2019-03-03T02:27:40.401Z	27	2019-03-03T02:26:40.401Z
2.329	2019-03-03T02:28:40.762Z	20	2019-03-03T02:27:40.762Z
0.634	2019-03-03T02:29:41.025Z	7	2019-03-03T02:28:41.025Z
0.076	2019-03-03T02:30:41.292Z	1	2019-03-03T02:29:41.292Z
0.10400000000000001	2019-03-03T02:31:41.453Z	2	2019-03-03T02:30:41.453Z
0.9510000000000001	2019-03-03T02:32:41.519Z	12	2019-03-03T02:31:41.519Z
3.278	2019-03-03T02:33:41.585Z	19	2019-03-03T02:32:41.585Z
2.378	2019-03-03T02:34:41.747Z	19	2019-03-03T02:33:41.747Z
2.14	2019-03-03T02:35:41.911Z	28	2019-03-03T02:34:41.911Z
2.055	2019-03-03T02:36:42.078Z	21	2019-03-03T02:35:42.078Z
2.54	2019-03-03T02:37:42.243Z	36	2019-03-03T02:36:42.243Z
2.204	2019-03-03T02:38:42.404Z	28	2019-03-03T02:37:42.404Z
1.7269999999999999	2019-03-03T02:39:42.572Z	25	2019-03-03T02:38:42.572Z
2.278	2019-03-03T02:40:42.835Z	22	2019-03-03T02:39:42.835Z
2.07	2019-03-03T02:41:43.200Z	13	2019-03-03T02:40:43.200Z
1.768	2019-03-03T02:42:43.460Z	18	2019-03-03T02:41:43.460Z
0.845	2019-03-03T02:43:43.627Z	4	2019-03-03T02:42:43.627Z
1.069	2019-03-03T02:44:43.790Z	16	2019-03-03T02:43:43.790Z
0.0	2019-03-03T02:49:05.742Z	0	2019-03-03T02:48:05.742Z
1.346	2019-03-03T02:50:06.105Z	22	2019-03-03T02:49:06.105Z
1.142	2019-03-03T02:51:06.203Z	16	2019-03-03T02:50:06.203Z
0.243	2019-03-03T02:52:06.566Z	1	2019-03-03T02:51:06.566Z
3.007	2019-03-03T02:53:06.730Z	16	2019-03-03T02:52:06.730Z
1.979	2019-03-03T02:54:07.098Z	22	2019-03-03T02:53:07.098Z
1.165	2019-03-03T02:55:07.160Z	14	2019-03-03T02:54:07.160Z
1.433	2019-03-03T02:56:07.220Z	14	2019-03-03T02:55:07.220Z
1.579	2019-03-03T02:57:07.486Z	13	2019-03-03T02:56:07.486Z
2.521	2019-03-03T02:58:07.752Z	12	2019-03-03T02:57:07.752Z
2.462	2019-03-03T02:59:08.016Z	15	2019-03-03T02:58:08.016Z
0.662	2019-03-03T03:00:08.079Z	3	2019-03-03T02:59:08.079Z
0.5660000000000001	2019-03-03T03:01:08.542Z	7	2019-03-03T03:00:08.542Z
1.3940000000000001	2019-03-03T03:02:08.609Z	10	2019-03-03T03:01:08.609Z
1.725	2019-03-03T03:03:09.073Z	17	2019-03-03T03:02:09.073Z
0.794	2019-03-03T03:04:09.338Z	11	2019-03-03T03:03:09.338Z
0.7030000000000001	2019-03-03T03:05:09.604Z	11	2019-03-03T03:04:09.604Z
1.232	2019-03-03T03:06:09.667Z	10	2019-03-03T03:05:09.667Z
2.036	2019-03-03T03:07:09.832Z	20	2019-03-03T03:06:09.832Z
2.172	2019-03-03T03:08:09.996Z	7	2019-03-03T03:07:09.996Z
1.895	2019-03-03T03:09:10.361Z	6	2019-03-03T03:08:10.361Z
2.535	2019-03-03T03:10:10.625Z	16	2019-03-03T03:09:10.625Z
1.541	2019-03-03T03:11:10.690Z	13	2019-03-03T03:10:10.690Z
2.176	2019-03-03T03:12:10.854Z	19	2019-03-03T03:11:10.854Z
2.706	2019-03-03T03:13:11.220Z	24	2019-03-03T03:12:11.220Z
7.482	2019-03-03T03:14:11.282Z	58	2019-03-03T03:13:11.282Z
7.759	2019-03-03T03:15:11.448Z	36	2019-03-03T03:14:11.448Z
7.357	2019-03-03T03:16:11.710Z	58	2019-03-03T03:15:11.710Z
9.336	2019-03-03T03:17:11.878Z	66	2019-03-03T03:16:11.878Z
7.971	2019-03-03T03:18:11.941Z	77	2019-03-03T03:17:11.941Z
2.604	2019-03-03T03:19:12.207Z	22	2019-03-03T03:18:12.207Z
2.304	2019-03-03T03:20:12.471Z	24	2019-03-03T03:19:12.471Z
2.031	2019-03-03T03:21:12.634Z	12	2019-03-03T03:20:12.634Z
1.48	2019-03-03T03:22:12.992Z	11	2019-03-03T03:21:12.992Z
1.492	2019-03-03T03:23:13.256Z	11	2019-03-03T03:22:13.256Z
2.033	2019-03-03T03:24:13.427Z	11	2019-03-03T03:23:13.427Z
2.152	2019-03-03T03:25:13.490Z	12	2019-03-03T03:24:13.490Z
3.312	2019-03-03T03:27:07.424Z	17	2019-03-03T03:26:07.424Z
1.896	2019-03-03T03:28:29.878Z	9	2019-03-03T03:27:29.878Z
4.552	2019-03-03T03:29:30.242Z	22	2019-03-03T03:28:30.242Z
4.393	2019-03-03T03:30:30.608Z	26	2019-03-03T03:29:30.608Z
6.537	2019-03-03T03:31:30.871Z	33	2019-03-03T03:30:30.871Z
6.038	2019-03-03T03:32:30.937Z	28	2019-03-03T03:31:30.937Z
4.614	2019-03-03T03:33:31.203Z	22	2019-03-03T03:32:31.203Z
5.062	2019-03-03T03:34:31.358Z	22	2019-03-03T03:33:31.358Z
4.295	2019-03-03T03:35:31.428Z	11	2019-03-03T03:34:31.428Z
3.846	2019-03-03T03:36:31.898Z	24	2019-03-03T03:35:31.898Z
6.209	2019-03-03T03:37:32.157Z	39	2019-03-03T03:36:32.157Z
6.081	2019-03-03T03:38:32.516Z	52	2019-03-03T03:37:32.516Z
5.484	2019-03-03T03:40:01.970Z	37	2019-03-03T03:39:01.970Z
7.85	2019-03-03T03:41:02.434Z	71	2019-03-03T03:40:02.434Z
9.318	2019-03-03T03:42:02.891Z	27	2019-03-03T03:41:02.891Z
7.052	2019-03-03T03:43:03.164Z	23	2019-03-03T03:42:03.164Z
6.657	2019-03-03T03:44:03.529Z	20	2019-03-03T03:43:03.529Z
5.625	2019-03-03T03:45:03.793Z	35	2019-03-03T03:44:03.793Z
6.25	2019-03-03T03:46:03.960Z	29	2019-03-03T03:45:03.960Z
5.467	2019-03-03T03:47:04.026Z	15	2019-03-03T03:46:04.026Z
5.985	2019-03-03T03:48:04.388Z	25	2019-03-03T03:47:04.388Z
6.563	2019-03-03T03:49:04.552Z	20	2019-03-03T03:48:04.552Z
7.708	2019-03-03T03:50:04.815Z	19	2019-03-03T03:49:04.815Z
4.718	2019-03-03T03:51:04.881Z	28	2019-03-03T03:50:04.881Z
2.416	2019-03-03T03:52:05.045Z	9	2019-03-03T03:51:05.045Z
3.65	2019-03-03T03:53:05.111Z	15	2019-03-03T03:52:05.111Z
4.014	2019-03-03T03:54:05.276Z	17	2019-03-03T03:53:05.276Z
3.174	2019-03-03T03:55:05.638Z	17	2019-03-03T03:54:05.638Z
3.26	2019-03-03T03:56:05.703Z	19	2019-03-03T03:55:05.703Z
3.45	2019-03-03T03:57:06.165Z	21	2019-03-03T03:56:06.165Z
2.485	2019-03-03T03:58:06.627Z	19	2019-03-03T03:57:06.627Z
3.7560000000000002	2019-03-03T03:59:06.792Z	31	2019-03-03T03:58:06.792Z
6.435	2019-03-03T04:00:06.954Z	39	2019-03-03T03:59:06.954Z
7.814	2019-03-03T04:01:07.119Z	46	2019-03-03T04:00:07.119Z
8.896	2019-03-03T04:02:07.482Z	33	2019-03-03T04:01:07.482Z
4.727	2019-03-03T04:03:07.943Z	44	2019-03-03T04:02:07.943Z
7.649	2019-03-03T04:04:08.108Z	49	2019-03-03T04:03:08.108Z
11.288	2019-03-03T04:05:08.371Z	34	2019-03-03T04:04:08.371Z
10.007	2019-03-03T04:06:08.733Z	30	2019-03-03T04:05:08.733Z
8.514	2019-03-03T04:07:08.897Z	31	2019-03-03T04:06:08.897Z
9.595	2019-03-03T04:08:09.062Z	39	2019-03-03T04:07:09.062Z
7.303	2019-03-03T04:09:09.230Z	47	2019-03-03T04:08:09.230Z
8.359	2019-03-03T04:10:09.687Z	45	2019-03-03T04:09:09.687Z
8.527	2019-03-03T04:11:10.144Z	55	2019-03-03T04:10:10.144Z
8.538	2019-03-03T04:12:10.216Z	22	2019-03-03T04:11:10.216Z
8.312	2019-03-03T04:13:10.381Z	38	2019-03-03T04:12:10.381Z
6.202	2019-03-03T04:14:10.444Z	31	2019-03-03T04:13:10.444Z
5.677	2019-03-03T04:15:10.506Z	52	2019-03-03T04:14:10.506Z
13.821	2019-03-03T04:16:10.871Z	48	2019-03-03T04:15:10.871Z
11.925	2019-03-03T04:17:11.236Z	44	2019-03-03T04:16:11.236Z
10.318	2019-03-03T04:18:21.094Z	54	2019-03-03T04:17:21.094Z
7.839	2019-03-03T04:19:21.556Z	45	2019-03-03T04:18:21.556Z
9.389	2019-03-03T04:20:21.625Z	53	2019-03-03T04:19:21.625Z
9.081	2019-03-03T04:21:21.686Z	46	2019-03-03T04:20:21.686Z
7.715	2019-03-03T04:22:21.750Z	39	2019-03-03T04:21:21.750Z
8.132	2019-03-03T04:24:04.190Z	39	2019-03-03T04:23:04.190Z
7.248	2019-03-03T04:25:04.255Z	36	2019-03-03T04:24:04.255Z
8.073	2019-03-03T04:26:04.617Z	30	2019-03-03T04:25:04.617Z
7.65	2019-03-03T04:27:04.986Z	32	2019-03-03T04:26:04.986Z
4.902	2019-03-03T04:28:05.046Z	31	2019-03-03T04:27:05.046Z
8.867	2019-03-03T04:29:05.309Z	26	2019-03-03T04:28:05.309Z
9.731	2019-03-03T04:30:05.375Z	28	2019-03-03T04:29:05.375Z
8.777	2019-03-03T04:31:05.740Z	17	2019-03-03T04:30:05.740Z
9.992	2019-03-03T04:32:05.802Z	24	2019-03-03T04:31:05.802Z
8.406	2019-03-03T04:33:06.165Z	19	2019-03-03T04:32:06.165Z
6.496	2019-03-03T04:34:06.631Z	24	2019-03-03T04:33:06.631Z
6.929	2019-03-03T04:35:06.898Z	32	2019-03-03T04:34:06.898Z
5.6690000000000005	2019-03-03T04:36:07.161Z	18	2019-03-03T04:35:07.161Z
7.905	2019-03-03T04:37:07.523Z	27	2019-03-03T04:36:07.523Z
5.578	2019-03-03T04:38:07.690Z	33	2019-03-03T04:37:07.690Z
5.201	2019-03-03T04:39:08.151Z	28	2019-03-03T04:38:08.151Z
4.731	2019-03-03T04:40:08.415Z	31	2019-03-03T04:39:08.415Z
5.841	2019-03-03T04:41:08.482Z	31	2019-03-03T04:40:08.482Z
5.068	2019-03-03T04:42:08.846Z	25	2019-03-03T04:41:08.846Z
2.873	2019-03-03T04:43:09.311Z	27	2019-03-03T04:42:09.311Z
3.167	2019-03-03T04:44:09.775Z	22	2019-03-03T04:43:09.775Z
3.544	2019-03-03T04:45:10.138Z	30	2019-03-03T04:44:10.138Z
4.129	2019-03-03T04:46:10.200Z	29	2019-03-03T04:45:10.200Z
4.736	2019-03-03T04:47:10.469Z	21	2019-03-03T04:46:10.469Z
3.895	2019-03-03T04:48:10.624Z	12	2019-03-03T04:47:10.624Z
7.612	2019-03-03T04:49:10.894Z	32	2019-03-03T04:48:10.894Z
6.731	2019-03-03T04:50:11.160Z	16	2019-03-03T04:49:11.160Z
7.828	2019-03-03T04:51:11.526Z	38	2019-03-03T04:50:11.526Z
4.758	2019-03-03T04:52:11.890Z	30	2019-03-03T04:51:11.890Z
4.407	2019-03-03T04:53:12.255Z	15	2019-03-03T04:52:12.255Z
4.222	2019-03-03T04:54:12.319Z	20	2019-03-03T04:53:12.319Z
5.594	2019-03-03T04:55:12.582Z	34	2019-03-03T04:54:12.582Z
3.18	2019-03-03T04:56:12.651Z	32	2019-03-03T04:55:12.651Z
3.707	2019-03-03T04:57:12.813Z	18	2019-03-03T04:56:12.813Z
3.38	2019-03-03T04:58:12.980Z	14	2019-03-03T04:57:12.980Z
3.432	2019-03-03T04:59:13.345Z	23	2019-03-03T04:58:13.345Z
2.257	2019-03-03T05:00:13.410Z	13	2019-03-03T04:59:13.410Z
