endTs,entrances
2019-03-02T01:56:26.799Z,0
2019-03-02T01:57:27.061Z,0
2019-03-02T01:58:27.325Z,0
2019-03-02T01:59:27.588Z,0
2019-03-02T02:03:13.595Z,1
2019-03-02T02:04:13.759Z,0
2019-03-02T02:05:13.825Z,1
2019-03-02T02:06:13.885Z,2
2019-03-02T02:07:13.951Z,9
2019-03-02T02:08:14.013Z,3
2019-03-02T02:09:14.178Z,6
2019-03-02T02:10:14.444Z,8
2019-03-02T02:11:14.709Z,7
2019-03-02T02:12:14.869Z,8
2019-03-02T02:13:15.134Z,4
2019-03-02T02:14:15.200Z,5
2019-03-02T02:15:15.460Z,4
2019-03-02T02:16:15.723Z,7
2019-03-02T02:17:16.089Z,3
2019-03-02T02:18:16.253Z,13
2019-03-02T02:19:16.418Z,3
2019-03-02T02:20:16.581Z,1
2019-03-02T02:21:16.845Z,1
2019-03-02T02:22:16.908Z,3
2019-03-02T02:23:17.273Z,4
2019-03-02T02:24:17.536Z,5
2019-03-02T02:25:17.801Z,4
2019-03-02T02:26:18.065Z,0
2019-03-02T02:27:18.328Z,1
2019-03-02T02:28:18.591Z,0
2019-03-02T02:29:18.755Z,0
2019-03-02T02:30:19.016Z,2
2019-03-02T02:31:19.084Z,0
2019-03-02T02:32:19.346Z,0
2019-03-02T02:33:19.513Z,0
2019-03-02T02:34:19.575Z,1
2019-03-02T02:35:19.739Z,0
2019-03-02T02:36:19.802Z,1
2019-03-02T02:37:20.068Z,4
2019-03-02T02:38:20.130Z,3
2019-03-02T02:39:20.293Z,2
2019-03-02T02:40:20.457Z,0
2019-03-02T02:41:20.523Z,1
2019-03-02T02:42:20.786Z,6
2019-03-02T02:43:21.052Z,0
2019-03-02T02:44:21.114Z,3
2019-03-02T02:45:21.178Z,5
2019-03-02T02:46:21.244Z,8
2019-03-02T02:47:21.305Z,2
2019-03-02T02:48:21.571Z,2
2019-03-02T02:49:21.632Z,0
2019-03-02T02:50:21.796Z,0
2019-03-02T02:51:22.061Z,0
2019-03-02T02:52:22.323Z,1
2019-03-02T02:53:22.388Z,0
2019-03-02T02:54:22.653Z,0
2019-03-02T02:55:22.815Z,0
2019-03-02T02:56:23.081Z,0
2019-03-02T02:57:23.344Z,7
2019-03-02T02:58:23.410Z,5
2019-03-02T02:59:23.770Z,2
2019-03-02T03:00:23.934Z,5
2019-03-02T03:01:24.000Z,2
2019-03-02T03:02:24.062Z,0
2019-03-02T03:03:24.427Z,2
2019-03-02T03:04:24.490Z,9
2019-03-02T03:05:24.555Z,6
2019-03-02T03:06:24.818Z,0
2019-03-02T03:07:25.085Z,1
2019-03-02T03:08:25.246Z,6
2019-03-02T03:09:25.509Z,3
2019-03-02T03:10:25.674Z,3
2019-03-02T03:11:25.737Z,6
2019-03-02T03:12:25.802Z,0
2019-03-02T03:13:25.964Z,0
2019-03-02T03:14:26.029Z,1
2019-03-02T03:15:26.193Z,1
2019-03-02T03:16:26.358Z,0
2019-03-02T03:17:26.523Z,0
2019-03-02T03:18:26.884Z,0
2019-03-02T03:19:26.947Z,0
2019-03-02T03:20:27.214Z,0
2019-03-02T03:21:27.476Z,0
2019-03-02T03:22:27.740Z,3
2019-03-02T03:23:28.006Z,0
2019-03-02T03:24:28.266Z,1
2019-03-02T03:25:28.433Z,0
2019-03-02T03:26:28.494Z,0
2019-03-02T03:27:28.759Z,2
2019-03-02T03:28:29.026Z,0
2019-03-02T03:29:29.385Z,0
2019-03-02T03:31:50.161Z,0
2019-03-02T03:32:50.428Z,0
2019-03-02T03:33:50.594Z,0
2019-03-02T03:34:50.657Z,7
2019-03-02T03:35:50.819Z,12
2019-03-02T03:36:50.983Z,9
2019-03-02T03:37:51.048Z,3
2019-03-02T03:38:51.312Z,0
2019-03-02T03:39:51.483Z,2
2019-03-02T03:40:51.740Z,2
2019-03-02T03:41:52.003Z,8
2019-03-02T03:42:52.165Z,0
2019-03-02T03:43:52.331Z,3
2019-03-02T03:44:52.696Z,10
2019-03-02T03:45:53.059Z,2
2019-03-02T03:46:53.122Z,17
2019-03-02T03:47:53.186Z,12
2019-03-02T03:48:53.351Z,5
2019-03-02T03:49:53.612Z,4
2019-03-02T03:50:53.878Z,7
2019-03-02T03:51:54.140Z,0
2019-03-02T03:52:54.305Z,0
2019-03-02T03:53:54.668Z,0
2019-03-02T03:56:11.200Z,1
2019-03-02T03:57:11.265Z,0
2019-03-02T03:58:11.427Z,0
2019-03-02T03:59:11.592Z,0
2019-03-02T04:00:11.855Z,2
2019-03-02T04:01:12.119Z,1
2019-03-02T04:02:12.181Z,1
2019-03-02T04:03:12.546Z,0
2019-03-02T04:04:12.910Z,0
2019-03-02T04:05:13.273Z,2
2019-03-02T04:06:13.338Z,0
2019-03-02T04:07:13.601Z,4
2019-03-02T04:08:13.865Z,6
2019-03-02T04:09:13.930Z,4
2019-03-02T04:10:14.293Z,0
2019-03-02T04:11:14.358Z,0
2019-03-02T04:12:14.523Z,0
2019-03-02T04:13:14.785Z,1
2019-03-02T04:14:15.249Z,1
2019-03-02T04:15:15.513Z,2
2019-03-02T04:16:15.575Z,1
2019-03-02T04:18:05.278Z,0
2019-03-02T04:19:05.525Z,0
2019-03-02T04:20:05.789Z,1
2019-03-02T04:21:05.852Z,0
2019-03-02T04:22:06.019Z,0
2019-03-02T04:23:06.184Z,0
2019-03-02T04:24:06.246Z,0
2019-03-02T04:25:06.408Z,0
2019-03-02T04:26:06.572Z,1
2019-03-02T04:27:07.036Z,1
2019-03-02T04:28:07.099Z,1
2019-03-02T04:29:07.466Z,0
2019-03-02T04:30:07.627Z,0
2019-03-02T04:31:07.892Z,0
2019-03-02T04:32:08.055Z,2
2019-03-02T04:33:08.319Z,3
2019-03-02T04:34:08.684Z,0
2019-03-02T04:35:08.747Z,3
2019-03-02T04:36:09.213Z,1
2019-03-02T04:37:09.375Z,0
2019-03-02T04:38:09.634Z,0
2019-03-02T04:39:09.901Z,0
2019-03-02T04:40:10.165Z,0
2019-03-02T04:41:10.230Z,0
2019-03-02T04:42:10.493Z,5
2019-03-02T04:43:10.858Z,9
2019-03-02T04:44:11.121Z,3
2019-03-02T04:45:11.484Z,1
2019-03-02T04:46:11.549Z,1
2019-03-02T04:47:11.713Z,0
2019-03-02T04:48:11.776Z,1
2019-03-02T04:49:11.842Z,4
2019-03-02T04:50:12.003Z,3
2019-03-02T04:51:12.368Z,4
2019-03-02T04:52:12.533Z,5
2019-03-02T04:53:12.694Z,3
2019-03-02T04:54:12.864Z,5
2019-03-02T04:55:12.924Z,1
2019-03-02T04:56:13.088Z,0
2019-03-02T04:57:13.351Z,0
2019-03-02T04:58:13.414Z,0
2019-03-02T04:59:13.578Z,0
2019-03-02T05:00:13.642Z,4
2019-03-02T05:01:13.910Z,0
2019-03-02T05:02:14.170Z,0
2019-03-02T05:03:14.334Z,10
2019-03-02T05:04:14.499Z,7
2019-03-02T05:05:14.763Z,3
2019-03-02T05:06:15.026Z,3
2019-03-02T05:07:15.089Z,5
2019-03-02T05:08:15.454Z,10
2019-03-02T05:09:15.618Z,4
2019-03-02T05:10:15.677Z,1
2019-03-02T05:11:15.746Z,0
2019-03-02T05:12:16.006Z,4
2019-03-02T05:13:16.273Z,1
2019-03-02T05:14:16.536Z,2
2019-03-02T05:15:16.601Z,1
2019-03-02T05:16:16.765Z,0
2019-03-02T05:17:17.128Z,0
2019-03-02T05:18:17.191Z,1
2019-03-02T05:19:17.253Z,0
2019-03-02T05:20:17.319Z,0
2019-03-02T05:21:17.585Z,1
2019-03-02T05:22:17.747Z,1
2019-03-02T05:23:18.010Z,0
2019-03-02T05:24:18.177Z,1
2019-03-02T05:25:18.237Z,3
2019-03-02T05:26:18.303Z,0
2019-03-02T05:27:18.470Z,0
2019-03-02T05:28:18.832Z,1
2019-03-02T05:29:18.888Z,2
2019-03-02T05:30:19.151Z,2
2019-03-02T05:31:19.414Z,5
2019-03-02T05:32:19.576Z,2
2019-03-02T05:33:19.844Z,0
2019-03-02T05:34:20.006Z,0
2019-03-02T05:35:20.170Z,0
2019-03-02T05:36:20.236Z,1
2019-03-02T05:37:20.499Z,1
2019-03-02T05:38:20.766Z,0
2019-03-02T05:39:21.026Z,0
2019-03-02T05:40:21.190Z,0
2019-03-02T05:41:21.256Z,0
2019-03-02T05:42:21.417Z,0
2019-03-02T05:43:21.484Z,1
2019-03-02T05:44:21.648Z,0
2019-03-02T05:45:21.812Z,0
2019-03-02T05:46:22.076Z,0
2019-03-02T05:47:22.242Z,0
2019-03-02T05:48:22.405Z,0
2019-03-02T05:49:22.569Z,2
2019-03-02T05:50:22.933Z,0
2019-03-02T05:51:23.191Z,0
2019-03-02T05:52:23.250Z,0
2019-03-02T05:53:23.311Z,1
2019-03-02T05:54:23.371Z,0
2019-03-02T05:55:23.535Z,0
2019-03-02T05:56:23.796Z,0
2019-03-02T05:57:23.960Z,0
2019-03-02T05:58:24.227Z,0
2019-03-02T05:59:24.388Z,0
2019-03-02T06:00:24.651Z,1
2019-03-02T06:01:24.920Z,0
2019-03-02T06:02:25.086Z,1
2019-03-02T06:04:29.421Z,3
2019-03-02T06:05:29.719Z,1
2019-03-02T06:06:29.782Z,1
2019-03-02T06:07:30.048Z,0
2019-03-02T06:08:30.411Z,0
2019-03-02T06:09:30.476Z,2
2019-03-02T06:10:30.641Z,0
2019-03-02T06:11:30.707Z,2
2019-03-02T06:12:30.868Z,1
2019-03-02T06:13:30.934Z,0
2019-03-02T06:14:30.999Z,1
2019-03-02T06:15:31.065Z,0
2019-03-02T06:16:31.328Z,1
2019-03-02T06:17:31.394Z,10
2019-03-02T06:18:31.660Z,5
2019-03-02T06:19:31.724Z,7
2019-03-02T06:20:31.888Z,1
2019-03-02T06:21:32.053Z,0
2019-03-02T06:22:32.118Z,3
2019-03-02T06:23:32.183Z,0
2019-03-02T06:24:32.451Z,1
2019-03-02T06:25:32.713Z,0
2019-03-02T06:26:32.775Z,0
2019-03-02T06:27:32.842Z,0
2019-03-02T06:28:33.108Z,0
2019-03-02T06:29:33.371Z,0
2019-03-02T06:30:33.434Z,1
2019-03-02T06:31:33.604Z,0
2019-03-02T06:32:33.670Z,0
2019-03-02T06:33:33.930Z,3
2019-03-02T06:34:34.095Z,0
2019-03-02T06:35:34.361Z,1
2019-03-02T06:36:34.526Z,0
2019-03-02T06:37:34.691Z,0
2019-03-02T06:38:34.756Z,0
2019-03-02T06:39:35.022Z,1
2019-03-02T06:40:35.286Z,1
2019-03-02T06:41:35.351Z,0
2019-03-02T06:42:35.418Z,0
2019-03-02T06:43:35.584Z,0
2019-03-02T06:44:35.848Z,0
2019-03-02T06:45:36.115Z,0
2019-03-02T06:46:36.279Z,0
2019-03-02T06:47:36.436Z,0
2019-03-02T06:48:36.605Z,0
2019-03-02T06:49:36.871Z,0
2019-03-02T06:50:37.039Z,0
2019-03-02T06:51:37.102Z,0
2019-03-02T06:52:37.269Z,0
2019-03-02T06:53:37.424Z,0
2019-03-02T06:54:37.796Z,0
2019-03-02T06:55:37.959Z,0
2019-03-02T06:56:38.426Z,0
2019-03-02T06:57:38.890Z,0
2019-03-02T06:58:39.058Z,1
2019-03-02T06:59:39.122Z,0
2019-03-02T07:00:39.484Z,0
2019-03-02T07:01:39.752Z,0
2019-03-02T07:02:39.913Z,0
2019-03-02T07:03:40.078Z,0
2019-03-02T07:04:40.443Z,0
2019-03-02T07:05:40.510Z,0
2019-03-02T07:06:40.773Z,0
2019-03-02T07:07:41.237Z,0
2019-03-02T07:08:41.302Z,0
2019-03-02T07:09:41.364Z,1
2019-03-02T07:10:41.627Z,0
2019-03-02T07:11:41.994Z,0
2019-03-02T07:12:42.361Z,11
2019-03-02T07:13:42.526Z,17
2019-03-02T07:14:42.790Z,9
2019-03-02T07:15:42.951Z,14
2019-03-02T07:16:43.223Z,0
2019-03-02T07:17:43.385Z,7
2019-03-02T07:18:43.651Z,2
2019-03-02T07:19:43.917Z,4
2019-03-02T07:20:43.983Z,30
2019-03-02T07:21:44.043Z,62
2019-03-02T07:22:44.408Z,62
2019-03-02T07:23:44.676Z,79
2019-03-02T07:24:45.038Z,57
2019-03-02T07:25:45.303Z,81
2019-03-02T07:26:45.367Z,51
2019-03-02T07:27:45.632Z,67
2019-03-02T07:28:45.698Z,87
2019-03-02T07:29:46.061Z,76
2019-03-02T07:30:46.424Z,62
2019-03-02T07:31:46.790Z,69
2019-03-02T07:32:46.855Z,70
2019-03-02T07:33:47.017Z,66
2019-03-02T07:34:47.390Z,72
2019-03-02T07:35:47.747Z,52
2019-03-02T07:42:23.246Z,0
2019-03-02T07:43:23.710Z,71
2019-03-02T07:44:23.780Z,65
2019-03-02T07:45:23.957Z,41
2019-03-02T07:46:24.148Z,33
2019-03-02T07:47:24.523Z,41
2019-03-02T07:48:24.693Z,32
2019-03-02T07:49:24.766Z,52
2019-03-02T07:50:25.230Z,40
2019-03-02T07:51:25.500Z,44
2019-03-02T07:52:25.867Z,65
2019-03-02T07:53:25.933Z,59
2019-03-02T07:54:26.299Z,45
2019-03-02T07:55:26.565Z,45
2019-03-02T07:56:26.628Z,52
2019-03-02T07:57:26.693Z,35
2019-03-02T07:58:26.858Z,37
2019-03-02T07:59:26.924Z,40
2019-03-02T08:00:27.086Z,24
2019-03-02T08:01:27.454Z,34
2019-03-02T08:02:27.516Z,40
2019-03-02T08:03:27.783Z,52
2019-03-02T08:04:28.048Z,55
2019-03-02T08:05:28.213Z,38
2019-03-02T08:06:28.273Z,20
2019-03-02T08:07:28.632Z,25
2019-03-02T08:08:28.987Z,13
2019-03-02T08:09:29.155Z,20
2019-03-02T08:10:29.420Z,39
2019-03-02T08:11:29.484Z,30
2019-03-02T08:12:29.855Z,17
2019-03-02T08:13:29.917Z,11
2019-03-02T08:14:30.187Z,21
2019-03-02T08:15:30.253Z,40
2019-03-02T08:16:30.717Z,20
2019-03-02T08:17:31.082Z,15
2019-03-02T08:18:31.348Z,9
2019-03-02T08:19:31.415Z,15
2019-03-02T08:20:31.665Z,11
2019-03-02T08:21:31.917Z,15
2019-03-02T08:22:32.178Z,18
2019-03-02T08:23:32.437Z,29
2019-03-02T08:24:32.703Z,21
2019-03-02T08:25:32.869Z,15
2019-03-02T08:26:32.937Z,27
2019-03-02T08:27:33.005Z,25
2019-03-02T08:28:33.372Z,22
2019-03-02T08:29:33.638Z,21
2019-03-02T08:30:33.696Z,32
2019-03-02T08:31:33.976Z,22
2019-03-02T08:32:34.236Z,33
2019-03-02T08:33:34.503Z,42
2019-03-02T08:34:34.872Z,32
2019-03-02T08:35:35.134Z,30
2019-03-02T08:36:35.401Z,50
2019-03-02T08:37:35.766Z,50
2019-03-02T08:38:36.230Z,48
2019-03-02T08:39:36.596Z,36
2019-03-02T08:40:36.763Z,36
2019-03-02T08:41:36.828Z,17
2019-03-02T08:42:37.190Z,24
2019-03-02T08:43:37.364Z,27
2019-03-02T08:44:37.723Z,32
2019-03-02T08:45:38.187Z,18
2019-03-02T08:46:38.357Z,34
2019-03-02T08:47:38.417Z,44
2019-03-02T08:48:38.486Z,36
2019-03-02T08:49:38.549Z,48
2019-03-02T08:50:38.617Z,32
2019-03-02T08:51:38.786Z,15
2019-03-02T08:52:38.946Z,31
2019-03-02T08:54:17.163Z,15
2019-03-02T08:55:17.332Z,24
2019-03-02T08:56:17.598Z,15
2019-03-02T08:57:17.859Z,29
2019-03-02T08:58:17.927Z,31
2019-03-02T08:59:17.990Z,12
2019-03-02T09:00:18.357Z,16
2019-03-02T09:01:18.424Z,13
2019-03-02T09:02:18.589Z,27
2019-03-02T09:03:18.746Z,33
2019-03-02T09:04:18.910Z,22
2019-03-02T09:05:19.075Z,24
2019-03-02T09:06:19.549Z,28
2019-03-02T09:07:19.914Z,26
2019-03-02T09:08:20.082Z,8
2019-03-02T09:09:20.446Z,31
2019-03-02T09:10:20.608Z,20
2019-03-02T09:11:20.776Z,18
2019-03-02T09:12:21.040Z,13
2019-03-02T09:13:21.104Z,21
2019-03-02T09:14:21.269Z,35
2019-03-02T09:15:21.433Z,30
2019-03-02T09:16:21.900Z,29
2019-03-02T09:17:22.364Z,26
2019-03-02T09:18:22.427Z,46
2019-03-02T09:19:22.793Z,32
2019-03-02T09:20:22.957Z,41
2019-03-02T09:21:23.122Z,24
2019-03-02T09:22:23.188Z,20
2019-03-02T09:23:23.355Z,23
2019-03-02T09:24:23.410Z,14
2019-03-02T09:25:23.483Z,15
2019-03-02T09:26:23.645Z,16
2019-03-02T09:27:23.812Z,6
2019-03-02T09:28:24.176Z,26
2019-03-02T09:29:24.332Z,14
2019-03-02T09:30:24.604Z,9
2019-03-02T09:31:25.071Z,4
2019-03-02T09:32:25.240Z,9
2019-03-02T09:33:47.954Z,14
2019-03-02T09:34:48.427Z,33
2019-03-02T09:35:48.795Z,40
2019-03-02T09:36:49.165Z,58
2019-03-02T09:37:49.328Z,41
2019-03-02T09:38:49.394Z,41
2019-03-02T09:39:49.663Z,17
2019-03-02T09:40:49.924Z,30
2019-03-02T09:41:50.289Z,36
2019-03-02T09:42:50.453Z,52
2019-03-02T09:43:50.619Z,27
2019-03-02T09:44:50.882Z,26
2019-03-02T09:45:51.345Z,24
2019-03-02T09:46:51.703Z,21
2019-03-02T09:47:51.878Z,29
2019-03-02T09:48:52.138Z,30
2019-03-02T09:49:52.302Z,18
2019-03-02T09:50:52.561Z,35
2019-03-02T09:51:52.634Z,19
2019-03-02T09:52:52.890Z,25
2019-03-02T09:53:53.161Z,27
2019-03-02T09:54:53.627Z,47
2019-03-02T09:55:53.894Z,11
2019-03-02T09:56:53.956Z,18
2019-03-02T09:57:54.213Z,20
2019-03-02T09:58:54.483Z,27
2019-03-02T09:59:54.746Z,12
2019-03-02T10:00:54.914Z,18
2019-03-02T10:01:55.375Z,16
2019-03-02T10:02:55.743Z,18
2019-03-02T10:03:56.099Z,20
2019-03-02T10:04:56.270Z,10
2019-03-02T10:05:56.338Z,2
2019-03-02T10:06:56.701Z,6
2019-03-02T10:07:57.065Z,7
2019-03-02T10:08:57.132Z,5
2019-03-02T10:09:57.292Z,9
2019-03-02T10:10:57.357Z,8
2019-03-02T10:11:57.723Z,18
2019-03-02T10:12:57.989Z,21
2019-03-02T10:13:58.454Z,8
2019-03-02T10:14:58.717Z,13
2019-03-02T10:15:58.982Z,16
2019-03-02T10:16:59.342Z,17
2019-03-02T10:17:59.611Z,13
2019-03-02T10:18:59.875Z,23
2019-03-02T10:19:59.938Z,24
2019-03-02T10:21:00.003Z,14
2019-03-02T10:22:00.165Z,23
2019-03-02T10:23:00.430Z,8
2019-03-02T10:24:00.598Z,6
2019-03-02T10:25:00.763Z,16
2019-03-02T10:26:00.926Z,15
2019-03-02T10:27:01.088Z,12
2019-03-02T10:28:01.255Z,22
2019-03-02T10:29:01.322Z,22
2019-03-02T10:30:01.581Z,11
2019-03-02T10:31:01.845Z,8
2019-03-02T10:32:02.115Z,11
2019-03-02T10:33:02.168Z,13
2019-03-02T10:34:02.440Z,20
2019-03-02T10:35:02.706Z,9
2019-03-02T10:36:02.970Z,8
2019-03-02T10:37:43.811Z,29
2019-03-02T10:38:43.875Z,16
2019-03-02T10:39:44.144Z,16
2019-03-02T10:40:44.496Z,19
2019-03-02T10:41:44.773Z,14
2019-03-02T10:43:33.006Z,30
2019-03-02T10:44:33.173Z,13
2019-03-02T10:45:33.236Z,21
2019-03-02T10:46:33.296Z,28
2019-03-02T10:47:33.565Z,21
2019-03-02T10:48:33.627Z,30
2019-03-02T10:49:33.793Z,30
2019-03-02T10:50:34.157Z,45
2019-03-02T10:51:46.319Z,26
2019-03-02T10:52:46.779Z,26
2019-03-02T10:53:46.848Z,30
2019-03-02T10:54:47.013Z,34
2019-03-02T10:57:21.022Z,40
2019-03-02T10:58:21.286Z,24
2019-03-02T10:59:21.451Z,37
2019-03-02T11:00:21.815Z,56
2019-03-02T11:01:22.181Z,41
2019-03-02T11:02:22.644Z,25
2019-03-02T11:03:23.109Z,47
2019-03-02T11:04:23.375Z,20
2019-03-02T11:05:23.638Z,42
2019-03-02T11:06:23.905Z,25
2019-03-02T11:07:24.368Z,15
2019-03-02T11:08:24.733Z,21
2019-03-02T11:09:25.098Z,17
2019-03-02T11:10:25.463Z,28
2019-03-02T11:11:25.630Z,6
2019-03-02T11:12:25.892Z,10
2019-03-02T11:13:26.059Z,8
2019-03-02T11:14:26.424Z,14
2019-03-02T11:15:26.688Z,17
2019-03-02T11:16:26.852Z,21
2019-03-02T11:17:26.920Z,6
2019-03-02T11:18:26.974Z,4
2019-03-02T11:19:27.345Z,1
2019-03-02T11:21:16.483Z,17
2019-03-02T11:22:16.546Z,15
2019-03-02T11:23:16.813Z,11
2019-03-02T11:24:16.977Z,4
2019-03-02T11:25:17.145Z,7
2019-03-02T11:26:17.305Z,10
2019-03-02T11:27:17.365Z,15
2019-03-02T11:28:17.536Z,11
2019-03-02T11:29:17.605Z,34
2019-03-02T11:30:17.869Z,28
2019-03-02T11:31:18.232Z,12
2019-03-02T11:32:18.595Z,20
2019-03-02T11:33:19.062Z,38
2019-03-02T11:34:19.233Z,27
2019-03-02T11:35:19.283Z,26
2019-03-02T11:36:19.357Z,31
2019-03-02T11:37:19.421Z,23
2019-03-02T11:38:19.884Z,29
2019-03-02T11:39:20.250Z,18
2019-03-02T11:40:20.308Z,14
2019-03-02T11:41:20.480Z,13
2019-03-02T11:42:20.740Z,4
2019-03-02T11:43:21.006Z,13
2019-03-02T11:44:21.177Z,21
2019-03-02T11:45:21.331Z,19
2019-03-02T11:46:24.401Z,13
2019-03-02T11:47:24.766Z,13
2019-03-02T11:48:24.927Z,24
2019-03-02T11:49:24.994Z,46
2019-03-02T11:50:25.454Z,29
2019-03-02T11:51:25.520Z,28
2019-03-02T11:52:25.686Z,51
2019-03-02T11:53:25.849Z,30
2019-03-02T11:54:26.118Z,23
2019-03-02T11:55:26.180Z,24
2019-03-02T12:11:59.628Z,0
2019-03-02T12:12:59.815Z,0
2019-03-02T12:14:00.098Z,0
2019-03-02T12:15:00.361Z,1
2019-03-02T12:16:00.528Z,0
2019-03-02T12:17:00.690Z,0
2019-03-02T12:18:01.046Z,0
2019-03-02T12:19:01.418Z,2
2019-03-02T12:20:01.586Z,4
2019-03-02T12:21:01.852Z,1
2019-03-02T12:22:02.220Z,1
2019-03-02T12:23:02.286Z,2
2019-03-02T12:24:02.345Z,3
2019-03-02T12:25:02.618Z,3
2019-03-02T12:26:02.983Z,3
2019-03-02T12:27:03.072Z,2
2019-03-02T12:28:03.315Z,2
2019-03-02T12:29:03.680Z,2
2019-03-02T12:30:03.842Z,24
2019-03-02T12:31:03.901Z,41
2019-03-02T12:32:04.173Z,40
2019-03-02T12:33:04.252Z,50
2019-03-02T12:34:04.608Z,8
2019-03-02T12:35:04.668Z,14
2019-03-02T12:36:04.832Z,10
2019-03-02T12:37:05.098Z,13
2019-03-02T12:38:05.364Z,15
2019-03-02T12:39:05.625Z,9
2019-03-02T12:40:05.990Z,10
2019-03-02T12:41:06.355Z,26
2019-03-02T12:42:06.720Z,31
2019-03-02T12:43:06.785Z,11
2019-03-02T12:44:07.042Z,7
2019-03-02T12:45:07.213Z,10
2019-03-02T12:46:07.480Z,14
2019-03-02T12:47:07.743Z,14
2019-03-02T12:48:08.108Z,5
2019-03-02T12:49:08.173Z,12
2019-03-02T12:50:08.338Z,11
2019-03-02T12:51:08.401Z,9
2019-03-02T12:52:08.766Z,7
2019-03-02T12:53:08.924Z,2
2019-03-02T12:54:09.196Z,4
2019-03-02T12:55:09.358Z,7
2019-03-02T12:56:09.733Z,6
2019-03-02T12:57:09.789Z,0
2019-03-02T12:58:09.846Z,5
2019-03-02T12:59:10.118Z,6
2019-03-02T13:00:10.181Z,5
2019-03-02T13:01:10.345Z,4
2019-03-02T13:02:10.711Z,1
2019-03-02T13:03:10.877Z,3
2019-03-02T13:04:10.944Z,12
2019-03-02T13:05:11.105Z,14
2019-03-02T13:06:11.469Z,13
2019-03-02T13:07:11.836Z,8
2019-03-02T13:08:12.096Z,6
2019-03-02T13:09:12.163Z,5
2019-03-02T13:10:12.224Z,12
2019-03-02T13:11:12.288Z,10
2019-03-02T13:12:12.648Z,9
2019-03-02T13:13:13.013Z,9
2019-03-02T13:14:13.375Z,8
2019-03-02T13:15:13.536Z,10
2019-03-02T13:16:13.602Z,5
2019-03-02T13:17:13.767Z,12
2019-03-02T13:18:14.130Z,13
2019-03-02T13:19:14.193Z,15
2019-03-02T13:20:14.459Z,14
2019-03-02T13:21:14.520Z,25
2019-03-02T13:22:14.585Z,8
2019-03-02T13:23:14.947Z,10
2019-03-02T13:24:15.309Z,2
2019-03-02T13:25:15.677Z,6
2019-03-02T13:26:15.739Z,4
2019-03-02T13:27:15.904Z,3
2019-03-02T13:28:16.167Z,0
2019-03-02T13:29:16.434Z,3
2019-03-02T13:30:16.489Z,1
2019-03-02T13:31:16.957Z,1
2019-03-02T13:32:17.216Z,4
2019-03-02T13:33:17.687Z,10
2019-03-02T13:34:18.052Z,18
2019-03-02T13:35:18.414Z,15
2019-03-02T13:36:18.677Z,13
2019-03-02T13:37:18.943Z,13
2019-03-02T13:38:19.207Z,1
2019-03-02T13:39:19.269Z,4
2019-03-02T13:40:19.434Z,2
2019-03-02T13:41:19.499Z,10
2019-03-02T13:42:19.565Z,8
2019-03-02T13:43:19.729Z,12
2019-03-02T13:44:19.990Z,8
2019-03-02T13:45:20.260Z,11
2019-03-02T13:46:20.424Z,11
2019-03-02T13:47:20.789Z,10
2019-03-02T13:48:21.253Z,7
2019-03-02T13:49:21.523Z,8
2019-03-02T13:50:21.687Z,7
2019-03-02T13:51:21.855Z,9
2019-03-02T13:52:22.318Z,11
2019-03-02T13:53:22.584Z,7
2019-03-02T13:54:22.851Z,8
2019-03-02T13:55:23.216Z,11
2019-03-02T13:56:23.578Z,15
2019-03-02T13:57:23.744Z,9
2019-03-02T13:58:23.907Z,6
2019-03-02T13:59:24.171Z,13
2019-03-02T14:00:24.440Z,10
2019-03-02T14:01:24.502Z,4
2019-03-02T14:02:24.769Z,6
2019-03-02T14:03:24.933Z,1
2019-03-02T14:04:24.997Z,22
2019-03-02T14:05:25.361Z,32
2019-03-02T14:06:25.625Z,26
2019-03-02T14:07:52.377Z,44
2019-03-02T14:08:52.742Z,22
2019-03-02T14:09:53.108Z,16
2019-03-02T14:10:53.569Z,20
2019-03-02T14:11:53.937Z,19
2019-03-02T14:12:54.200Z,24
2019-03-02T14:13:54.563Z,23
2019-03-02T14:14:54.831Z,26
2019-03-02T14:15:55.292Z,30
2019-03-02T14:16:55.459Z,28
2019-03-02T14:17:55.723Z,20
2019-03-02T14:18:56.091Z,23
2019-03-02T14:19:56.457Z,32
2019-03-02T14:20:56.618Z,32
2019-03-02T14:21:56.681Z,32
2019-03-02T14:22:56.752Z,48
2019-03-02T14:23:57.115Z,48
2019-03-02T14:24:57.581Z,16
2019-03-02T14:25:58.042Z,40
2019-03-02T14:26:58.506Z,33
2019-03-02T14:27:58.871Z,46
2019-03-02T14:28:58.937Z,32
2019-03-02T14:29:59.398Z,37
2019-03-02T14:30:59.466Z,25
2019-03-02T14:31:59.635Z,21
2019-03-02T14:32:59.999Z,31
2019-03-02T14:34:00.164Z,26
2019-03-02T14:35:00.328Z,25
2019-03-02T14:36:00.592Z,12
2019-03-02T14:37:00.957Z,14
2019-03-02T14:38:01.417Z,16
2019-03-02T14:39:01.788Z,15
2019-03-02T14:40:01.953Z,8
2019-03-02T14:41:02.210Z,7
2019-03-02T14:42:02.585Z,6
2019-03-02T14:43:03.049Z,7
2019-03-02T14:44:03.213Z,17
2019-03-02T14:45:03.674Z,8
2019-03-02T14:46:03.841Z,13
2019-03-02T14:47:04.207Z,14
2019-03-02T14:48:04.670Z,1
2019-03-02T14:49:05.131Z,11
2019-03-02T14:50:05.197Z,27
2019-03-02T14:51:05.260Z,14
2019-03-02T14:52:05.730Z,19
2019-03-02T14:53:05.993Z,28
2019-03-02T14:54:06.348Z,13
2019-03-02T14:55:06.621Z,10
2019-03-02T14:56:06.986Z,4
2019-03-02T14:57:07.447Z,14
2019-03-02T14:58:07.815Z,10
2019-03-02T14:59:08.180Z,8
2019-03-02T15:00:08.443Z,15
2019-03-02T15:01:08.707Z,16
2019-03-02T15:02:08.971Z,14
2019-03-02T15:03:09.038Z,14
2019-03-02T15:04:09.201Z,20
2019-03-02T15:05:09.464Z,20
2019-03-02T15:06:09.628Z,22
2019-03-02T15:07:09.993Z,22
2019-03-02T15:08:10.358Z,37
2019-03-02T15:09:10.615Z,23
2019-03-02T15:10:10.885Z,34
2019-03-02T15:11:11.250Z,21
2019-03-02T15:12:11.615Z,35
2019-03-02T15:13:11.980Z,28
2019-03-02T15:14:12.443Z,11
2019-03-02T15:15:12.608Z,34
2019-03-02T15:16:12.872Z,14
2019-03-02T15:17:13.240Z,13
2019-03-02T15:18:13.605Z,18
2019-03-02T15:19:13.673Z,16
2019-03-02T15:20:13.832Z,16
2019-03-02T15:21:14.099Z,19
2019-03-02T15:22:14.164Z,29
2019-03-02T15:23:14.426Z,52
2019-03-02T15:24:14.492Z,45
2019-03-02T15:25:14.959Z,35
2019-03-02T15:26:15.025Z,17
2019-03-02T15:27:15.086Z,26
2019-03-02T15:28:15.451Z,45
2019-03-02T15:29:15.917Z,31
2019-03-02T15:30:15.983Z,49
2019-03-02T15:31:16.338Z,72
2019-03-02T15:32:16.413Z,49
2019-03-02T15:33:16.473Z,37
2019-03-02T15:34:16.641Z,42
2019-03-02T15:35:17.006Z,26
2019-03-02T15:36:17.069Z,38
2019-03-02T15:37:17.234Z,31
2019-03-02T15:38:17.496Z,21
2019-03-02T15:39:17.861Z,16
2019-03-02T15:40:18.026Z,25
2019-03-02T15:41:18.092Z,23
2019-03-02T15:42:18.154Z,18
2019-03-02T15:43:18.312Z,14
2019-03-02T15:44:18.584Z,9
2019-03-02T15:45:18.746Z,7
2019-03-02T15:46:19.013Z,11
2019-03-02T15:47:19.078Z,16
2019-03-02T15:48:19.243Z,29
2019-03-02T15:49:19.605Z,25
2019-03-02T15:50:19.973Z,19
2019-03-02T15:51:20.434Z,18
2019-03-02T15:52:20.599Z,33
2019-03-02T15:53:20.963Z,23
2019-03-02T15:54:21.328Z,27
2019-03-02T15:55:21.595Z,15
2019-03-02T15:56:22.059Z,27
2019-03-02T15:57:22.221Z,37
2019-03-02T15:58:22.289Z,18
2019-03-02T15:59:22.351Z,35
2019-03-02T16:00:22.615Z,37
2019-03-02T16:01:22.973Z,35
2019-03-02T16:02:23.242Z,32
2019-03-02T16:03:23.414Z,30
2019-03-02T16:04:23.473Z,23
2019-03-02T16:05:23.936Z,15
2019-03-02T16:06:24.104Z,30
2019-03-02T16:07:24.368Z,27
2019-03-02T16:08:24.434Z,31
2019-03-02T16:09:24.598Z,17
2019-03-02T16:10:24.661Z,30
2019-03-02T16:11:24.727Z,16
2019-03-02T16:12:24.891Z,25
2019-03-02T16:13:25.155Z,24
2019-03-02T16:14:25.223Z,32
2019-03-02T16:15:25.487Z,53
2019-03-02T16:16:25.951Z,33
2019-03-02T16:17:26.017Z,28
2019-03-02T16:18:26.480Z,15
2019-03-02T16:19:26.845Z,28
2019-03-02T16:20:26.911Z,33
2019-03-02T16:21:27.276Z,30
2019-03-02T16:22:27.641Z,39
2019-03-02T16:23:28.003Z,36
2019-03-02T16:24:28.368Z,37
2019-03-02T16:25:28.434Z,40
2019-03-02T16:26:28.496Z,51
2019-03-02T16:27:28.865Z,34
2019-03-02T16:28:29.220Z,33
2019-03-02T16:29:29.394Z,48
2019-03-02T16:30:29.660Z,38
2019-03-02T16:31:30.020Z,34
2019-03-02T16:32:30.288Z,34
2019-03-02T16:33:30.549Z,42
2019-03-02T16:34:30.813Z,59
2019-03-02T16:35:31.071Z,54
2019-03-02T16:36:31.342Z,35
2019-03-02T16:37:31.605Z,31
2019-03-02T16:38:31.875Z,32
2019-03-02T16:39:32.140Z,35
2019-03-02T16:40:32.200Z,31
2019-03-02T16:41:32.265Z,27
2019-03-02T16:42:32.427Z,28
2019-03-02T16:43:32.788Z,27
2019-03-02T16:44:33.157Z,31
2019-03-02T16:45:33.430Z,35
2019-03-02T16:46:33.788Z,29
2019-03-02T16:47:33.855Z,26
2019-03-02T16:48:33.915Z,20
2019-03-02T16:49:33.982Z,20
2019-03-02T16:50:34.345Z,14
2019-03-02T16:51:34.608Z,18
2019-03-02T16:52:34.875Z,14
2019-03-02T16:53:35.140Z,20
2019-03-02T16:54:35.403Z,25
2019-03-02T16:55:35.665Z,26
2019-03-02T16:56:35.834Z,30
2019-03-02T16:57:36.000Z,21
2019-03-02T16:58:36.361Z,27
2019-03-02T16:59:36.625Z,32
2019-03-02T17:00:36.892Z,21
2019-03-02T17:01:36.956Z,24
2019-03-02T17:02:37.224Z,22
2019-03-02T17:03:37.288Z,35
2019-03-02T17:04:37.559Z,22
2019-03-02T17:05:46.109Z,27
2019-03-02T17:06:46.177Z,10
2019-03-02T17:07:46.339Z,22
2019-03-02T17:08:46.605Z,35
2019-03-02T17:09:46.869Z,44
2019-03-02T17:10:47.134Z,19
2019-03-02T17:11:47.299Z,20
2019-03-02T17:12:47.663Z,27
2019-03-02T17:13:48.029Z,28
2019-03-02T17:14:48.392Z,18
2019-03-02T17:15:48.559Z,21
2019-03-02T17:16:48.622Z,27
2019-03-02T17:17:48.987Z,16
2019-03-02T17:18:49.052Z,29
2019-03-02T17:19:49.119Z,15
2019-03-02T17:20:49.180Z,29
2019-03-02T17:21:49.345Z,31
2019-03-02T17:22:49.408Z,28
2019-03-02T17:23:49.576Z,32
2019-03-02T17:24:49.938Z,46
2019-03-02T17:25:50.003Z,35
2019-03-02T17:26:50.467Z,20
2019-03-02T17:27:50.730Z,22
2019-03-02T17:28:51.096Z,24
2019-03-02T17:29:51.158Z,27
2019-03-02T17:30:51.325Z,17
2019-03-02T17:31:51.388Z,12
2019-03-02T17:32:51.555Z,18
2019-03-02T17:33:51.717Z,12
2019-03-02T17:34:51.782Z,5
2019-03-02T17:35:52.048Z,5
2019-03-02T17:36:52.213Z,14
2019-03-02T17:37:52.476Z,3
2019-03-02T17:38:52.742Z,9
2019-03-02T17:39:53.007Z,3
2019-03-02T17:40:53.463Z,2
2019-03-02T17:41:53.536Z,13
2019-03-02T17:42:53.898Z,5
2019-03-02T17:43:54.265Z,12
2019-03-02T17:44:54.628Z,4
2019-03-02T17:45:54.892Z,8
2019-03-02T17:46:55.059Z,9
2019-03-02T17:47:55.121Z,5
2019-03-02T17:48:55.285Z,7
2019-03-02T17:49:55.650Z,11
2019-03-02T17:50:55.911Z,6
2019-03-02T17:51:56.178Z,5
2019-03-02T17:52:56.342Z,2
2019-03-02T17:53:56.808Z,2
2019-03-02T17:54:56.971Z,6
2019-03-02T17:55:57.338Z,5
2019-03-02T17:56:57.494Z,2
2019-03-02T17:57:57.568Z,0
2019-03-02T17:58:57.832Z,1
2019-03-02T18:00:42.371Z,0
2019-03-02T18:01:42.434Z,12
2019-03-02T18:02:42.799Z,11
2019-03-02T18:03:43.163Z,13
2019-03-02T18:04:43.430Z,7
2019-03-02T18:05:43.793Z,2
2019-03-02T18:06:44.157Z,2
2019-03-02T18:07:44.421Z,13
2019-03-02T18:08:44.585Z,7
2019-03-02T18:09:44.950Z,9
2019-03-02T18:10:45.217Z,4
2019-03-02T18:11:45.381Z,8
2019-03-02T18:12:45.648Z,7
2019-03-02T18:13:45.710Z,13
2019-03-02T18:14:45.875Z,11
2019-03-02T18:15:45.940Z,17
2019-03-02T18:16:46.302Z,24
2019-03-02T18:17:46.371Z,29
2019-03-02T18:18:46.434Z,22
2019-03-02T18:19:46.698Z,19
2019-03-02T18:20:46.963Z,6
2019-03-02T18:21:47.226Z,7
2019-03-02T18:22:47.490Z,12
2019-03-02T18:23:47.857Z,15
2019-03-02T18:24:48.221Z,15
2019-03-02T18:25:48.385Z,2
2019-03-02T18:26:48.552Z,7
2019-03-02T18:27:49.013Z,7
2019-03-02T18:28:49.279Z,5
2019-03-02T18:29:49.746Z,6
2019-03-02T18:30:50.108Z,5
2019-03-02T18:31:50.174Z,2
2019-03-02T18:32:50.338Z,0
2019-03-02T18:33:50.703Z,4
2019-03-02T18:34:50.769Z,6
2019-03-02T18:35:51.035Z,12
2019-03-02T18:36:51.099Z,6
2019-03-02T18:37:51.464Z,0
2019-03-02T18:38:51.729Z,1
2019-03-02T18:39:51.793Z,6
2019-03-02T18:40:51.960Z,6
2019-03-02T18:41:52.224Z,10
2019-03-02T18:42:52.592Z,3
2019-03-02T18:43:52.954Z,5
2019-03-02T18:44:53.118Z,6
2019-03-02T18:45:53.482Z,5
2019-03-02T18:46:53.749Z,1
2019-03-02T18:47:53.812Z,2
2019-03-02T18:48:53.976Z,4
2019-03-02T18:49:54.441Z,5
2019-03-02T18:50:54.607Z,9
2019-03-02T18:51:54.671Z,28
2019-03-02T18:52:54.739Z,14
2019-03-02T18:53:55.102Z,6
2019-03-02T18:54:55.266Z,29
2019-03-02T18:55:55.634Z,33
2019-03-02T18:56:55.694Z,35
2019-03-02T18:57:55.855Z,20
2019-03-02T18:58:55.924Z,15
2019-03-02T18:59:56.091Z,18
2019-03-02T19:00:56.348Z,22
2019-03-02T19:01:56.621Z,34
2019-03-02T19:02:56.977Z,31
2019-03-02T19:03:57.049Z,23
2019-03-02T19:04:57.214Z,11
2019-03-02T19:05:57.578Z,15
2019-03-02T19:06:57.848Z,48
2019-03-02T19:07:58.220Z,33
2019-03-02T19:08:58.273Z,36
2019-03-02T19:09:58.437Z,29
2019-03-02T19:10:58.703Z,25
2019-03-02T19:11:59.167Z,14
2019-03-02T19:12:59.532Z,19
2019-03-02T19:13:59.796Z,10
2019-03-02T19:15:00.161Z,8
2019-03-02T19:16:00.528Z,16
2019-03-02T19:17:00.687Z,13
2019-03-02T19:18:00.756Z,10
2019-03-02T19:19:01.121Z,10
2019-03-02T19:20:01.384Z,18
2019-03-02T19:21:01.453Z,16
2019-03-02T19:22:01.513Z,21
2019-03-02T19:23:01.681Z,16
2019-03-02T19:24:01.842Z,17
2019-03-02T19:25:02.209Z,9
2019-03-02T19:26:02.371Z,12
2019-03-02T19:27:02.539Z,3
2019-03-02T19:28:02.604Z,8
2019-03-02T19:29:02.865Z,17
2019-03-02T19:30:03.232Z,8
2019-03-02T19:31:03.592Z,22
2019-03-02T19:32:03.657Z,19
2019-03-02T19:33:03.823Z,27
2019-03-02T19:34:03.989Z,21
2019-03-02T19:35:04.157Z,21
2019-03-02T19:36:04.219Z,27
2019-03-02T19:37:04.484Z,16
2019-03-02T19:38:04.549Z,25
2019-03-02T19:39:04.711Z,18
2019-03-02T19:40:04.976Z,12
2019-03-02T19:41:05.144Z,25
2019-03-02T19:42:05.206Z,21
2019-03-02T19:43:05.269Z,23
2019-03-02T19:44:05.536Z,14
2019-03-02T19:45:05.900Z,20
2019-03-02T19:46:06.164Z,11
2019-03-02T19:47:06.232Z,16
2019-03-02T19:48:06.594Z,21
2019-03-02T19:49:06.660Z,16
2019-03-02T19:50:06.926Z,12
2019-03-02T19:51:07.091Z,17
2019-03-02T19:52:07.157Z,18
2019-03-02T19:53:07.219Z,15
2019-03-02T19:54:07.582Z,13
2019-03-02T19:55:07.849Z,5
2019-03-02T19:56:08.214Z,9
2019-03-02T19:57:08.483Z,18
2019-03-02T19:58:08.845Z,21
2019-03-02T19:59:09.312Z,9
2019-03-02T20:00:09.677Z,17
2019-03-02T20:01:09.737Z,12
2019-03-02T20:02:09.805Z,20
2019-03-02T20:03:09.868Z,13
2019-03-02T20:04:10.234Z,6
2019-03-02T20:05:10.497Z,22
2019-03-02T20:06:10.562Z,21
2019-03-02T20:07:10.732Z,9
2019-03-02T20:08:10.792Z,9
2019-03-02T20:09:11.056Z,4
2019-03-02T20:10:11.321Z,4
2019-03-02T20:11:11.687Z,4
2019-03-02T20:12:12.052Z,9
2019-03-02T20:13:12.115Z,13
2019-03-02T20:14:12.181Z,25
2019-03-02T20:15:12.346Z,32
2019-03-02T20:16:12.710Z,34
2019-03-02T20:17:13.076Z,17
2019-03-02T20:18:13.341Z,7
2019-03-02T20:19:13.407Z,8
2019-03-02T20:20:13.769Z,31
2019-03-02T20:21:14.033Z,21
2019-03-02T20:22:14.200Z,27
2019-03-02T20:23:14.364Z,17
2019-03-02T20:24:14.530Z,15
2019-03-02T20:25:14.892Z,23
2019-03-02T20:26:15.058Z,26
2019-03-02T20:27:15.223Z,24
2019-03-02T20:28:15.390Z,27
2019-03-02T20:29:15.655Z,25
2019-03-02T20:30:15.719Z,36
2019-03-02T20:31:16.082Z,16
2019-03-02T20:32:16.447Z,20
2019-03-02T20:33:16.512Z,10
2019-03-02T20:34:16.877Z,24
2019-03-02T20:35:17.243Z,20
2019-03-02T20:36:17.305Z,15
2019-03-02T20:37:17.572Z,29
2019-03-02T20:38:17.937Z,17
2019-03-02T20:39:18.000Z,20
2019-03-02T20:40:18.165Z,23
2019-03-02T20:41:18.230Z,6
2019-03-02T20:42:18.595Z,19
2019-03-02T20:43:18.760Z,10
2019-03-02T20:44:18.825Z,10
2019-03-02T20:45:19.188Z,16
2019-03-02T20:46:19.355Z,31
2019-03-02T20:47:19.418Z,15
2019-03-02T20:48:19.785Z,16
2019-03-02T20:49:20.147Z,13
2019-03-02T20:50:20.313Z,26
2019-03-02T20:51:20.678Z,13
2019-03-02T20:52:20.743Z,8
2019-03-02T20:53:20.907Z,14
2019-03-02T20:54:21.173Z,11
2019-03-02T20:55:21.237Z,8
2019-03-02T20:56:21.602Z,19
2019-03-02T20:57:21.859Z,17
2019-03-02T20:58:22.233Z,11
2019-03-02T20:59:22.395Z,20
2019-03-02T21:00:22.561Z,9
2019-03-02T21:01:22.627Z,12
2019-03-02T21:02:22.990Z,6
2019-03-02T21:03:23.355Z,17
2019-03-02T21:04:23.719Z,6
2019-03-02T21:05:24.086Z,12
2019-03-02T21:06:24.447Z,12
2019-03-02T21:07:24.614Z,10
2019-03-02T21:08:24.779Z,9
2019-03-02T21:09:25.045Z,13
2019-03-02T21:10:25.309Z,4
2019-03-02T21:11:25.477Z,3
2019-03-02T21:12:25.736Z,8
2019-03-02T21:13:25.802Z,12
2019-03-02T21:14:26.068Z,4
2019-03-02T21:15:26.332Z,7
2019-03-02T21:16:26.596Z,5
2019-03-02T21:17:26.762Z,2
2019-03-02T21:18:26.926Z,8
2019-03-02T21:19:27.191Z,16
2019-03-02T21:20:27.355Z,7
2019-03-02T21:21:27.523Z,3
2019-03-02T21:22:27.786Z,3
2019-03-02T21:23:28.049Z,10
2019-03-02T21:24:28.118Z,8
2019-03-02T21:25:28.279Z,15
2019-03-02T21:26:28.645Z,10
2019-03-02T21:27:28.809Z,12
2019-03-02T21:28:29.176Z,3
2019-03-02T21:29:29.336Z,6
2019-03-02T21:30:29.602Z,10
2019-03-02T21:31:29.967Z,6
2019-03-02T21:32:30.132Z,10
2019-03-02T21:33:30.197Z,9
2019-03-02T21:34:30.460Z,12
2019-03-02T21:35:30.826Z,22
2019-03-02T21:36:30.891Z,8
2019-03-02T21:37:31.055Z,21
2019-03-02T21:38:31.420Z,15
2019-03-02T21:39:31.585Z,13
2019-03-02T21:40:31.951Z,6
2019-03-02T21:41:32.312Z,7
2019-03-02T21:42:32.381Z,6
2019-03-02T21:43:32.736Z,7
2019-03-02T21:44:33.007Z,10
2019-03-02T21:45:33.178Z,18
2019-03-02T21:46:33.437Z,9
2019-03-02T21:47:33.604Z,11
2019-03-02T21:48:33.665Z,5
2019-03-02T21:49:34.032Z,16
2019-03-02T21:50:34.296Z,8
2019-03-02T21:51:34.660Z,4
2019-03-02T21:52:34.924Z,7
2019-03-02T21:53:35.289Z,18
2019-03-02T21:54:35.351Z,14
2019-03-02T21:55:35.619Z,15
2019-03-02T21:56:35.683Z,29
2019-03-02T21:57:35.950Z,19
2019-03-02T21:58:36.015Z,16
2019-03-02T21:59:36.078Z,22
2019-03-02T22:00:36.240Z,9
2019-03-02T22:01:36.410Z,22
2019-03-02T22:02:36.770Z,22
2019-03-02T22:03:37.135Z,28
2019-03-02T22:04:37.401Z,18
2019-03-02T22:05:37.766Z,22
2019-03-02T22:06:38.023Z,18
2019-03-02T22:07:38.394Z,14
2019-03-02T22:08:38.660Z,9
2019-03-02T22:09:39.025Z,22
2019-03-02T22:10:39.384Z,45
2019-03-02T22:11:39.451Z,34
2019-03-02T22:12:39.614Z,21
2019-03-02T22:13:39.976Z,10
2019-03-02T22:14:40.145Z,11
2019-03-02T22:15:40.210Z,9
2019-03-02T22:16:40.575Z,15
2019-03-02T22:17:40.733Z,13
2019-03-02T22:18:40.799Z,5
2019-03-02T22:19:41.165Z,2
2019-03-02T22:20:41.428Z,1
2019-03-02T22:21:41.785Z,3
2019-03-02T22:22:42.056Z,5
2019-03-02T22:23:42.223Z,6
2019-03-02T22:24:42.385Z,11
2019-03-02T22:25:42.750Z,7
2019-03-02T22:26:43.115Z,8
2019-03-02T22:27:43.470Z,5
2019-03-02T22:28:43.644Z,2
2019-03-02T22:29:44.007Z,10
2019-03-02T22:30:44.176Z,7
2019-03-02T22:31:44.434Z,4
2019-03-02T22:32:44.802Z,6
2019-03-02T22:33:44.964Z,9
2019-03-02T22:34:45.226Z,16
2019-03-02T22:35:45.686Z,14
2019-03-02T22:36:46.161Z,23
2019-03-02T22:37:46.220Z,21
2019-03-02T22:38:46.585Z,18
2019-03-02T22:39:46.648Z,9
2019-03-02T22:40:46.917Z,16
2019-03-02T22:41:46.980Z,16
2019-03-02T22:42:47.240Z,9
2019-03-02T22:43:47.407Z,1
2019-03-02T22:44:47.575Z,3
2019-03-02T22:45:47.936Z,1
2019-03-02T22:46:48.098Z,4
2019-03-02T22:47:48.165Z,15
2019-03-02T22:48:48.322Z,6
2019-03-02T22:49:48.493Z,0
2019-03-02T22:50:48.660Z,1
2019-03-02T22:51:48.923Z,0
2019-03-02T22:52:49.187Z,0
2019-03-02T22:53:49.252Z,4
2019-03-02T22:54:49.617Z,4
2019-03-02T22:55:49.982Z,3
2019-03-02T22:56:50.244Z,6
2019-03-02T22:57:50.609Z,7
2019-03-02T22:58:50.966Z,6
2019-03-02T22:59:51.030Z,4
2019-03-02T23:00:51.102Z,8
2019-03-02T23:01:51.165Z,3
2019-03-02T23:02:51.332Z,2
2019-03-02T23:03:51.698Z,7
2019-03-02T23:04:52.062Z,9
2019-03-02T23:05:52.525Z,6
2019-03-02T23:06:52.792Z,7
2019-03-02T23:07:52.947Z,4
2019-03-02T23:08:53.017Z,2
2019-03-02T23:09:53.084Z,1
2019-03-02T23:10:53.345Z,5
2019-03-02T23:11:53.710Z,6
2019-03-02T23:12:54.076Z,9
2019-03-02T23:13:54.440Z,6
2019-03-02T23:14:54.507Z,3
2019-03-02T23:15:54.769Z,0
2019-03-02T23:16:54.938Z,1
2019-03-02T23:17:55.203Z,0
2019-03-02T23:18:55.563Z,4
2019-03-02T23:19:55.832Z,2
2019-03-02T23:20:55.892Z,4
2019-03-02T23:21:55.960Z,5
2019-03-02T23:22:56.227Z,5
2019-03-02T23:23:56.490Z,2
2019-03-02T23:24:56.654Z,5
2019-03-02T23:25:56.918Z,0
2019-03-02T23:26:56.983Z,2
2019-03-02T23:27:57.351Z,13
2019-03-02T23:28:57.719Z,4
2019-03-02T23:29:57.977Z,7
2019-03-02T23:30:58.344Z,6
2019-03-02T23:31:58.608Z,3
2019-03-02T23:32:58.674Z,5
2019-03-02T23:33:59.038Z,5
2019-03-02T23:34:59.104Z,1
2019-03-02T23:35:59.267Z,2
2019-03-02T23:36:59.632Z,11
2019-03-02T23:37:59.897Z,0
2019-03-02T23:38:59.963Z,4
2019-03-02T23:40:00.230Z,5
2019-03-02T23:41:00.292Z,5
2019-03-02T23:42:00.457Z,16
2019-03-02T23:43:00.822Z,16
2019-03-02T23:44:00.887Z,14
2019-03-02T23:45:01.154Z,16
2019-03-02T23:46:01.216Z,1
2019-03-02T23:47:01.480Z,1
2019-03-02T23:48:01.648Z,12
2019-03-02T23:49:02.005Z,9
2019-03-02T23:50:02.278Z,4
2019-03-02T23:51:02.642Z,10
2019-03-02T23:52:02.809Z,8
2019-03-02T23:53:02.875Z,12
2019-03-02T23:54:02.934Z,7
2019-03-02T23:55:03.003Z,8
2019-03-02T23:56:03.073Z,10
2019-03-02T23:57:03.329Z,7
2019-03-02T23:58:03.489Z,10
2019-03-02T23:59:03.762Z,1
2019-03-03T00:00:03.927Z,10
2019-03-03T00:01:04.191Z,5
2019-03-03T00:02:04.357Z,6
2019-03-03T00:03:04.720Z,2
2019-03-03T00:04:04.986Z,4
2019-03-03T00:05:05.253Z,2
2019-03-03T00:06:05.519Z,4
2019-03-03T00:07:05.778Z,12
2019-03-03T00:08:06.049Z,23
2019-03-03T00:09:06.203Z,15
2019-03-03T00:10:06.372Z,1
2019-03-03T00:11:06.440Z,0
2019-03-03T00:12:06.703Z,1
2019-03-03T00:13:07.168Z,6
2019-03-03T00:14:07.631Z,8
2019-03-03T00:15:07.796Z,10
2019-03-03T00:16:08.161Z,2
2019-03-03T00:17:08.628Z,5
2019-03-03T00:18:08.792Z,3
2019-03-03T00:19:08.957Z,1
2019-03-03T00:20:09.023Z,5
2019-03-03T00:21:09.288Z,2
2019-03-03T00:22:09.351Z,1
2019-03-03T00:23:09.415Z,0
2019-03-03T00:24:09.680Z,1
2019-03-03T00:25:09.947Z,1
2019-03-03T00:26:10.313Z,3
2019-03-03T00:27:10.677Z,1
2019-03-03T00:28:10.940Z,1
2019-03-03T00:29:11.302Z,0
2019-03-03T00:30:11.369Z,10
2019-03-03T00:31:11.532Z,16
2019-03-03T00:32:11.697Z,4
2019-03-03T00:33:11.864Z,8
2019-03-03T00:34:12.227Z,4
2019-03-03T00:35:12.493Z,22
2019-03-03T00:36:12.757Z,4
2019-03-03T00:37:12.819Z,8
2019-03-03T00:38:13.184Z,8
2019-03-03T00:39:13.249Z,7
2019-03-03T00:40:13.312Z,12
2019-03-03T00:41:13.480Z,12
2019-03-03T00:42:13.844Z,11
2019-03-03T00:43:14.107Z,17
2019-03-03T00:44:14.371Z,2
2019-03-03T00:45:14.637Z,8
2019-03-03T00:46:15.002Z,23
2019-03-03T00:47:15.365Z,8
2019-03-03T00:48:15.829Z,5
2019-03-03T00:49:15.897Z,4
2019-03-03T00:50:15.957Z,4
2019-03-03T00:51:16.023Z,4
2019-03-03T00:52:16.187Z,11
2019-03-03T00:53:16.453Z,14
2019-03-03T00:54:16.811Z,9
2019-03-03T00:55:16.974Z,7
2019-03-03T00:56:17.144Z,6
2019-03-03T00:57:17.611Z,3
2019-03-03T00:58:18.078Z,9
2019-03-03T00:59:18.440Z,3
2019-03-03T01:00:18.503Z,5
2019-03-03T01:01:18.868Z,10
2019-03-03T01:02:19.233Z,1
2019-03-03T01:03:19.496Z,1
2019-03-03T01:04:19.563Z,4
2019-03-03T01:05:19.726Z,3
2019-03-03T01:06:19.993Z,6
2019-03-03T01:07:20.055Z,0
2019-03-03T01:08:20.221Z,5
2019-03-03T01:09:20.688Z,3
2019-03-03T01:10:20.950Z,5
2019-03-03T01:11:21.214Z,10
2019-03-03T01:12:21.678Z,17
2019-03-03T01:13:22.043Z,19
2019-03-03T01:14:22.408Z,18
2019-03-03T01:15:22.871Z,15
2019-03-03T01:16:23.039Z,41
2019-03-03T01:17:23.099Z,21
2019-03-03T01:18:23.563Z,24
2019-03-03T01:19:23.730Z,21
2019-03-03T01:20:23.799Z,15
2019-03-03T01:21:24.259Z,27
2019-03-03T01:22:24.627Z,42
2019-03-03T01:23:24.888Z,20
2019-03-03T01:24:25.354Z,18
2019-03-03T01:25:25.417Z,9
2019-03-03T01:26:25.881Z,13
2019-03-03T01:27:26.046Z,6
2019-03-03T01:28:26.510Z,9
2019-03-03T01:29:26.674Z,6
2019-03-03T01:30:27.043Z,5
2019-03-03T01:31:27.404Z,21
2019-03-03T01:32:27.569Z,18
2019-03-03T01:33:27.936Z,6
2019-03-03T01:34:27.999Z,15
2019-03-03T01:35:28.164Z,9
2019-03-03T01:36:28.227Z,10
2019-03-03T01:37:28.592Z,5
2019-03-03T01:38:28.854Z,8
2019-03-03T01:39:28.918Z,6
2019-03-03T01:40:29.183Z,8
2019-03-03T01:41:29.546Z,16
2019-03-03T01:42:29.911Z,19
2019-03-03T01:43:30.075Z,17
2019-03-03T01:44:30.240Z,30
2019-03-03T01:45:30.403Z,17
2019-03-03T01:46:30.667Z,20
2019-03-03T01:47:31.032Z,26
2019-03-03T01:48:31.196Z,44
2019-03-03T01:49:31.361Z,34
2019-03-03T01:50:31.427Z,39
2019-03-03T01:51:31.789Z,22
2019-03-03T01:52:32.253Z,28
2019-03-03T01:53:32.618Z,28
2019-03-03T01:54:32.779Z,52
2019-03-03T01:55:33.145Z,35
2019-03-03T01:56:33.312Z,31
2019-03-03T01:57:33.572Z,21
2019-03-03T01:58:33.634Z,10
2019-03-03T01:59:34.002Z,34
2019-03-03T02:00:34.062Z,37
2019-03-03T02:01:34.232Z,46
2019-03-03T02:02:34.493Z,15
2019-03-03T02:03:34.759Z,30
2019-03-03T02:04:35.121Z,28
2019-03-03T02:05:35.186Z,35
2019-03-03T02:06:35.451Z,20
2019-03-03T02:07:35.913Z,10
2019-03-03T02:08:36.078Z,25
2019-03-03T02:09:36.141Z,22
2019-03-03T02:10:36.209Z,19
2019-03-03T02:11:36.476Z,7
2019-03-03T02:12:36.634Z,2
2019-03-03T02:13:36.700Z,13
2019-03-03T02:14:37.059Z,3
2019-03-03T02:15:37.426Z,21
2019-03-03T02:16:37.790Z,6
2019-03-03T02:17:38.055Z,7
2019-03-03T02:18:38.119Z,1
2019-03-03T02:19:38.282Z,14
2019-03-03T02:20:38.651Z,4
2019-03-03T02:21:39.013Z,2
2019-03-03T02:22:39.177Z,11
2019-03-03T02:23:39.539Z,4
2019-03-03T02:24:39.805Z,20
2019-03-03T02:25:40.170Z,11
2019-03-03T02:26:40.233Z,41
2019-03-03T02:27:40.401Z,27
2019-03-03T02:28:40.762Z,20
2019-03-03T02:29:41.025Z,7
2019-03-03T02:30:41.292Z,1
2019-03-03T02:31:41.453Z,2
2019-03-03T02:32:41.519Z,12
2019-03-03T02:33:41.585Z,19
2019-03-03T02:34:41.747Z,19
2019-03-03T02:35:41.911Z,28
2019-03-03T02:36:42.078Z,21
2019-03-03T02:37:42.243Z,36
2019-03-03T02:38:42.404Z,28
2019-03-03T02:39:42.572Z,25
2019-03-03T02:40:42.835Z,22
2019-03-03T02:41:43.200Z,13
2019-03-03T02:42:43.460Z,18
2019-03-03T02:43:43.627Z,4
2019-03-03T02:44:43.790Z,16
2019-03-03T02:49:05.742Z,0
2019-03-03T02:50:06.105Z,22
2019-03-03T02:51:06.203Z,16
2019-03-03T02:52:06.566Z,1
2019-03-03T02:53:06.730Z,16
2019-03-03T02:54:07.098Z,22
2019-03-03T02:55:07.160Z,14
2019-03-03T02:56:07.220Z,14
2019-03-03T02:57:07.486Z,13
2019-03-03T02:58:07.752Z,12
2019-03-03T02:59:08.016Z,15
2019-03-03T03:00:08.079Z,3
2019-03-03T03:01:08.542Z,7
2019-03-03T03:02:08.609Z,10
2019-03-03T03:03:09.073Z,17
2019-03-03T03:04:09.338Z,11
2019-03-03T03:05:09.604Z,11
2019-03-03T03:06:09.667Z,10
2019-03-03T03:07:09.832Z,20
2019-03-03T03:08:09.996Z,7
2019-03-03T03:09:10.361Z,6
2019-03-03T03:10:10.625Z,16
2019-03-03T03:11:10.690Z,13
2019-03-03T03:12:10.854Z,19
2019-03-03T03:13:11.220Z,24
2019-03-03T03:14:11.282Z,58
2019-03-03T03:15:11.448Z,36
2019-03-03T03:16:11.710Z,58
2019-03-03T03:17:11.878Z,66
2019-03-03T03:18:11.941Z,77
2019-03-03T03:19:12.207Z,22
2019-03-03T03:20:12.471Z,24
2019-03-03T03:21:12.634Z,12
2019-03-03T03:22:12.992Z,11
2019-03-03T03:23:13.256Z,11
2019-03-03T03:24:13.427Z,11
2019-03-03T03:25:13.490Z,12
2019-03-03T03:27:07.424Z,17
2019-03-03T03:28:29.878Z,9
2019-03-03T03:29:30.242Z,22
2019-03-03T03:30:30.608Z,26
2019-03-03T03:31:30.871Z,33
2019-03-03T03:32:30.937Z,28
2019-03-03T03:33:31.203Z,22
2019-03-03T03:34:31.358Z,22
2019-03-03T03:35:31.428Z,11
2019-03-03T03:36:31.898Z,24
2019-03-03T03:37:32.157Z,39
2019-03-03T03:38:32.516Z,52
2019-03-03T03:40:01.970Z,37
2019-03-03T03:41:02.434Z,71
2019-03-03T03:42:02.891Z,27
2019-03-03T03:43:03.164Z,23
2019-03-03T03:44:03.529Z,20
2019-03-03T03:45:03.793Z,35
2019-03-03T03:46:03.960Z,29
2019-03-03T03:47:04.026Z,15
2019-03-03T03:48:04.388Z,25
2019-03-03T03:49:04.552Z,20
2019-03-03T03:50:04.815Z,19
2019-03-03T03:51:04.881Z,28
2019-03-03T03:52:05.045Z,9
2019-03-03T03:53:05.111Z,15
2019-03-03T03:54:05.276Z,17
2019-03-03T03:55:05.638Z,17
2019-03-03T03:56:05.703Z,19
2019-03-03T03:57:06.165Z,21
2019-03-03T03:58:06.627Z,19
2019-03-03T03:59:06.792Z,31
2019-03-03T04:00:06.954Z,39
2019-03-03T04:01:07.119Z,46
2019-03-03T04:02:07.482Z,33
2019-03-03T04:03:07.943Z,44
2019-03-03T04:04:08.108Z,49
2019-03-03T04:05:08.371Z,34
2019-03-03T04:06:08.733Z,30
2019-03-03T04:07:08.897Z,31
2019-03-03T04:08:09.062Z,39
2019-03-03T04:09:09.230Z,47
2019-03-03T04:10:09.687Z,45
2019-03-03T04:11:10.144Z,55
2019-03-03T04:12:10.216Z,22
2019-03-03T04:13:10.381Z,38
2019-03-03T04:14:10.444Z,31
2019-03-03T04:15:10.506Z,52
2019-03-03T04:16:10.871Z,48
2019-03-03T04:17:11.236Z,44
2019-03-03T04:18:21.094Z,54
2019-03-03T04:19:21.556Z,45
2019-03-03T04:20:21.625Z,53
2019-03-03T04:21:21.686Z,46
2019-03-03T04:22:21.750Z,39
2019-03-03T04:24:04.190Z,39
2019-03-03T04:25:04.255Z,36
2019-03-03T04:26:04.617Z,30
2019-03-03T04:27:04.986Z,32
2019-03-03T04:28:05.046Z,31
2019-03-03T04:29:05.309Z,26
2019-03-03T04:30:05.375Z,28
2019-03-03T04:31:05.740Z,17
2019-03-03T04:32:05.802Z,24
2019-03-03T04:33:06.165Z,19
2019-03-03T04:34:06.631Z,24
2019-03-03T04:35:06.898Z,32
2019-03-03T04:36:07.161Z,18
2019-03-03T04:37:07.523Z,27
2019-03-03T04:38:07.690Z,33
2019-03-03T04:39:08.151Z,28
2019-03-03T04:40:08.415Z,31
2019-03-03T04:41:08.482Z,31
2019-03-03T04:42:08.846Z,25
2019-03-03T04:43:09.311Z,27
2019-03-03T04:44:09.775Z,22
2019-03-03T04:45:10.138Z,30
2019-03-03T04:46:10.200Z,29
2019-03-03T04:47:10.469Z,21
2019-03-03T04:48:10.624Z,12
2019-03-03T04:49:10.894Z,32
2019-03-03T04:50:11.160Z,16
2019-03-03T04:51:11.526Z,38
2019-03-03T04:52:11.890Z,30
2019-03-03T04:53:12.255Z,15
2019-03-03T04:54:12.319Z,20
2019-03-03T04:55:12.582Z,34
2019-03-03T04:56:12.651Z,32
2019-03-03T04:57:12.813Z,18
2019-03-03T04:58:12.980Z,14
2019-03-03T04:59:13.345Z,23
2019-03-03T05:00:13.410Z,13
2019-03-03T05:01:13.671Z,27
2019-03-03T05:02:13.737Z,36
2019-03-03T05:03:13.803Z,11
2019-03-03T05:04:14.273Z,29
2019-03-03T05:05:14.335Z,31
2019-03-03T05:06:14.394Z,20
2019-03-03T05:07:14.464Z,22
2019-03-03T05:08:14.829Z,37
2019-03-03T05:09:14.990Z,43
2019-03-03T05:10:15.357Z,38
2019-03-03T05:11:15.720Z,43
2019-03-03T05:12:16.085Z,28
2019-03-03T05:13:16.548Z,33
2019-03-03T05:14:16.911Z,18
2019-03-03T05:15:16.976Z,14
2019-03-03T05:16:17.042Z,14
2019-03-03T05:17:17.398Z,25
2019-03-03T05:18:17.770Z,33
2019-03-03T05:19:17.835Z,14
2019-03-03T05:20:18.003Z,35
2019-03-03T05:21:18.263Z,38
2019-03-03T05:22:18.328Z,31
2019-03-03T05:23:18.494Z,22
2019-03-03T05:24:18.558Z,19
2019-03-03T05:25:18.723Z,20
2019-03-03T05:26:19.086Z,34
2019-03-03T05:27:19.151Z,19
2019-03-03T05:28:19.216Z,23
2019-03-03T05:29:19.582Z,21
2019-03-03T05:30:19.644Z,21
2019-03-03T05:31:20.101Z,30
2019-03-03T05:32:20.576Z,31
2019-03-03T05:33:20.739Z,27
2019-03-03T05:34:21.006Z,23
2019-03-03T05:35:21.272Z,17
2019-03-03T05:36:21.436Z,31
2019-03-03T05:37:21.499Z,24
2019-03-03T05:38:21.562Z,12
2019-03-03T05:39:21.924Z,18
2019-03-03T05:40:22.091Z,24
2019-03-03T05:41:22.456Z,22
2019-03-03T05:42:22.720Z,33
2019-03-03T05:43:22.885Z,19
2019-03-03T05:44:23.153Z,24
2019-03-03T05:45:23.219Z,29
2019-03-03T05:46:23.285Z,30
2019-03-03T05:47:23.344Z,26
2019-03-03T05:48:23.615Z,19
2019-03-03T05:49:23.681Z,18
2019-03-03T05:50:24.046Z,23
2019-03-03T05:51:24.211Z,13
2019-03-03T05:52:24.674Z,19
2019-03-03T05:53:25.039Z,13
2019-03-03T05:54:25.102Z,8
2019-03-03T05:55:25.467Z,12
2019-03-03T05:56:25.733Z,12
2019-03-03T05:57:25.898Z,23
2019-03-03T05:58:26.262Z,20
2019-03-03T05:59:26.424Z,21
2019-03-03T06:00:26.887Z,13
2019-03-03T06:01:27.253Z,19
2019-03-03T06:02:27.717Z,22
2019-03-03T06:03:28.181Z,19
2019-03-03T06:04:28.647Z,23
2019-03-03T06:05:28.809Z,20
2019-03-03T06:06:29.275Z,22
2019-03-03T06:07:29.739Z,7
